Afghanistan;Badakhshan
Afghanistan;Badakhshan
Afghanistan;Badghis
Afghanistan;Baghlan
Afghanistan;Balkh
Afghanistan;Bamyan
Afghanistan;Daykundi
Afghanistan;Farah
Afghanistan;Faryab
Afghanistan;Ghazni
Afghanistan;Ghōr
Afghanistan;Helmand
Afghanistan;Herat
Afghanistan;Jowzjan
Afghanistan;Kabul
Afghanistan;Kandahar
Afghanistan;Kapisa
Afghanistan;Khost
Afghanistan;Kunar
Afghanistan;Kunduz Province
Afghanistan;Laghman
Afghanistan;Logar
Afghanistan;Nangarhar
Afghanistan;Nimruz
Afghanistan;Nuristan
Afghanistan;Paktia
Afghanistan;Paktika
Afghanistan;Panjshir
Afghanistan;Parwan
Afghanistan;Samangan
Afghanistan;Sar-e Pol
Afghanistan;Takhar
Afghanistan;Urozgan
Afghanistan;Zabul
Albania;Berat District
Albania;Dibër County
Albania;Durrës District
Albania;Fier County
Albania;Gjirokastër District
Albania;Korçë County
Albania;Kukës District
Albania;Lezhë County
Albania;Shkodër District
Albania;Tirana District
Albania;Vlorë County
Algeria;Adrar
Algeria;Aïn Defla
Algeria;Aïn Témouchent
Algeria;Algiers
Algeria;Annaba
Algeria;Batna
Algeria;Béchar
Algeria;Béjaïa
Algeria;Biskra
Algeria;Blida
Algeria;Bordj Bou Arréridj
Algeria;Bouïra
Algeria;Boumerdès
Algeria;Chlef
Algeria;Constantine
Algeria;Djelfa
Algeria;El Bayadh
Algeria;El Oued
Algeria;El Tarf
Algeria;Ghardaïa
Algeria;Guelma
Algeria;Illizi
Algeria;Jijel
Algeria;Khenchela
Algeria;Laghouat
Algeria;M'Sila
Algeria;Mascara
Algeria;Médéa
Algeria;Mila
Algeria;Mostaganem
Algeria;Naama
Algeria;Oran
Algeria;Ouargla
Algeria;Oum El Bouaghi
Algeria;Relizane
Algeria;Saïda
Algeria;Sétif
Algeria;Sidi Bel Abbès
DZ;22
Algeria;Skikda
Algeria;Souk Ahras
Algeria;Tamanghasset
Algeria;Tébessa
Algeria;Tiaret
Algeria;Tindouf
Algeria;Tipasa
Algeria;Tissemsilt
Algeria;Tizi Ouzou
Algeria;Tlemcen
Andorra;Andorra la Vella
Andorra;Canillo
Andorra;Encamp
Andorra;Escaldes-Engordany
Andorra;La Massana
Andorra;Ordino
Andorra;Sant Julià de Lòria
Angola;Bengo Province
Angola;Benguela Province
Angola;Bié Province
Angola;Cabinda Province
Angola;Cuando Cubango Province
Angola;Cuanza Norte Province
Angola;Cuanza Sul
Angola;Cunene Province
Angola;Huambo Province
Angola;Huíla Province
Angola;Luanda Province
Angola;Lunda Norte Province
Angola;Lunda Sul Province
Angola;Malanje Province
Angola;Moxico Province
Angola;Uíge Province
Angola;Zaire Province
Antigua And Barbuda;Barbuda
Antigua And Barbuda;Saint George Parish
Antigua And Barbuda;Saint John Parish
Antigua And Barbuda;Saint Mary Parish
Antigua And Barbuda;Saint Paul Parish
Antigua And Barbuda;Saint Peter Parish
Argentina;Buenos Aires
Argentina;Catamarca
Argentina;Chaco
Argentina;Chubut
Argentina;Córdoba
Argentina;Corrientes
Argentina;Entre Ríos
Argentina;Formosa
Argentina;Jujuy
Argentina;La Pampa
Argentina;La Rioja
Argentina;Mendoza
Argentina;Misiones
Argentina;Neuquén
Argentina;Río Negro
Argentina;Salta
Argentina;San Juan
"Argentina;""San Luis	"""
Argentina;Santa Cruz
Argentina;Santa Fe
Argentina;Santiago del Estero
Argentina;Tierra del Fuego
Argentina;Tucumán
Armenia;Aragatsotn Region
Armenia;Ararat Province
Armenia;Armavir Region
Armenia;Gegharkunik Province
Armenia;Kotayk Region
Armenia;Lori Region
Armenia;Shirak Region
Armenia;Syunik Province
Armenia;Tavush Region
Armenia;Vayots Dzor Region
Armenia;Yerevan
Australia;Australian Capital Territory
Australia;New South Wales
Australia;Northern Territory
Australia;Queensland
Australia;South Australia
Australia;Tasmania
Australia;Victoria
Australia;Western Australia
Austria;Burgenland
Austria;Carinthia
Austria;Lower Austria
Austria;Salzburg
Austria;Styria
Austria;Tyrol
Austria;Upper Austria
Austria;Vienna
Austria;Vorarlberg
Azerbaijan;Absheron District
Azerbaijan;Agdam District
Azerbaijan;Agdash District
Azerbaijan;Aghjabadi District
Azerbaijan;Agstafa District
Azerbaijan;Agsu District
Azerbaijan;Astara District
Azerbaijan;Baku
Azerbaijan;Balakan District
Azerbaijan;Barda District
Azerbaijan;Beylagan District
Azerbaijan;Bilasuvar District
Azerbaijan;Dashkasan District
Azerbaijan;Fizuli District
Azerbaijan;Ganja
Azerbaijan;Gədəbəy
Azerbaijan;Gobustan District
Azerbaijan;Goranboy District
Azerbaijan;Goychay
Azerbaijan;Goygol District
Azerbaijan;Hajigabul District
Azerbaijan;Imishli District
Azerbaijan;Ismailli District
Azerbaijan;Jabrayil District
Azerbaijan;Jalilabad District
Azerbaijan;Kalbajar District
Azerbaijan;Khachmaz District
Azerbaijan;Khizi District
Azerbaijan;Khojali District
Azerbaijan;Kurdamir District
Azerbaijan;Lachin District
Azerbaijan;Lankaran District
Azerbaijan;Lerik District
Azerbaijan;Martuni
Azerbaijan;Masally District
Azerbaijan;Mingachevir
Azerbaijan;Nakhchivan Autonomous Republic
Azerbaijan;Neftchala District
Azerbaijan;Oghuz District
Azerbaijan;Qabala District
Azerbaijan;Qakh District
Azerbaijan;Qazakh District
Azerbaijan;Quba District
Azerbaijan;Qubadli District
Azerbaijan;Qusar District
Azerbaijan;Saatly District
Azerbaijan;Sabirabad District
Azerbaijan;Salyan District
Azerbaijan;Samukh District
Azerbaijan;Shabran District
Azerbaijan;Shaki
Azerbaijan;Shaki District
Azerbaijan;Shamakhi District
Azerbaijan;Shamkir District
Azerbaijan;Shirvan
Azerbaijan;Shusha District
Azerbaijan;Siazan District
Azerbaijan;Sumqayit
Azerbaijan;Tartar District
Azerbaijan;Tovuz District
Azerbaijan;Ujar District
Azerbaijan;Yardymli District
Azerbaijan;Yevlakh
Azerbaijan;Yevlakh District
Azerbaijan;Zangilan District
Azerbaijan;Zaqatala District
Azerbaijan;Zardab District
Bahamas The;Bimini
Bahamas The;Cat Island
Bahamas The;Central Abaco
Bahamas The;Crooked Island
Bahamas The;East Grand Bahama
Bahamas The;Exuma
Bahamas The;Freeport
Bahamas The;Harbour Island
Bahamas The;Inagua
Bahamas The;Long Island
Bahamas The;Mayaguana District
Bahamas The;New Providence
Bahamas The;North Abaco
Bahamas The;North Andros
Bahamas The;Ragged Island
Bahamas The;Rum Cay District
Bahamas The;San Salvador Island
Bahamas The;Spanish Wells
Bahamas The;West Grand Bahama
Bahrain;Capital Governorate
Bahrain;Central Governorate
Bahrain;Muharraq Governorate
Bahrain;Southern Governorate
Bangladesh;Barisal District
Bangladesh;Chittagong Division
Bangladesh;Dhaka District
Bangladesh;Khulna District
Bangladesh;Mymensingh District
Bangladesh;Rajshahi District
Bangladesh;Rangpur District
Bangladesh;Sylhet District
Barbados;Christ Church
Barbados;Saint Andrew
Barbados;Saint James
Barbados;Saint Joseph
Barbados;Saint Michael
Barbados;Saint Peter
Barbados;Saint Philip
Belarus;Brest Region
Belarus;Gomel Region
Belarus;Grodno Region
Belarus;Minsk
Belarus;Minsk Region
Belarus;Mogilev Region
Belarus;Vitebsk Region
Belgium;Brussels-Capital Region
Belgium;Flanders
Belgium;Wallonia
Belize;Belize District
Belize;Cayo District
Belize;Corozal District
Belize;Orange Walk District
Belize;Stann Creek District
Belize;Toledo District
Benin;Alibori Department
Benin;Atakora Department
Benin;Atlantique Department
Benin;Borgou Department
Benin;Collines Department
Benin;Donga Department
Benin;Kouffo Department
Benin;Littoral Department
Benin;Mono Department
Benin;Ouémé Department
Benin;Plateau Department
Benin;Zou Department
Bhutan;Bumthang District
Bhutan;Chukha District
Bhutan;Dagana District
Bhutan;Gasa District
Bhutan;Haa District
Bhutan;Lhuntse District
Bhutan;Mongar District
Bhutan;Paro District
Bhutan;Pemagatshel District
Bhutan;Punakha District
Bhutan;Samdrup Jongkhar District
Bhutan;Samtse District
Bhutan;Sarpang District
Bhutan;Thimphu District
Bhutan;Trashigang District
Bhutan;Tsirang District
Bhutan;Wangdue Phodrang District
Bhutan;Zhemgang District
Bolivia;Beni Department
Bolivia;Chuquisaca Department
Bolivia;Cochabamba Department
Bolivia;La Paz Department
Bolivia;Oruro Department
Bolivia;Pando Department
Bolivia;Potosí Department
Bolivia;Santa Cruz Department
Bolivia;Tarija Department
Bosnia and Herzegovina;Brčko District
Bosnia and Herzegovina;Federation of Bosnia and Herzegovina
Bosnia and Herzegovina;Republika Srpska
Botswana;Central District
Botswana;Ghanzi District
Botswana;Kgalagadi District
Botswana;Kgatleng District
Botswana;Kweneng District
Botswana;North-East District
Botswana;North-West District
Botswana;South-East District
Botswana;Southern District
Brazil;Acre
Brazil;Alagoas
Brazil;Amapá
Brazil;Amazonas
Brazil;Bahia
Brazil;Ceará
Brazil;Distrito Federal
Brazil;Espírito Santo
Brazil;Goiás
Brazil;Maranhão
Brazil;Mato Grosso
Brazil;Mato Grosso do Sul
Brazil;Minas Gerais
Brazil;Pará
Brazil;Paraíba
Brazil;Paraná
Brazil;Pernambuco
Brazil;Piauí
Brazil;Rio de Janeiro
Brazil;Rio Grande do Norte
Brazil;Rio Grande do Sul
Brazil;Rondônia
Brazil;Roraima
Brazil;Santa Catarina
Brazil;São Paulo
Brazil;Sergipe
Brazil;Tocantins
Brunei;Belait District
Brunei;Brunei-Muara District
Brunei;Temburong District
Brunei;Tutong District
Bulgaria;Blagoevgrad Province
Bulgaria;Burgas Province
Bulgaria;Dobrich Province
Bulgaria;Gabrovo Province
Bulgaria;Haskovo Province
Bulgaria;Kardzhali Province
Bulgaria;Kyustendil Province
Bulgaria;Lovech Province
Bulgaria;Montana Province
Bulgaria;Pazardzhik Province
Bulgaria;Pernik Province
Bulgaria;Pleven Province
Bulgaria;Plovdiv Province
Bulgaria;Razgrad Province
Bulgaria;Ruse Province
Bulgaria;Shumen
Bulgaria;Silistra Province
Bulgaria;Sliven Province
Bulgaria;Smolyan Province
Bulgaria;Sofia City Province
Bulgaria;Sofia Province
Bulgaria;Stara Zagora Province
Bulgaria;Targovishte Province
Bulgaria;Varna Province
Bulgaria;Veliko Tarnovo Province
Bulgaria;Vidin Province
Bulgaria;Vratsa Province
Bulgaria;Yambol Province
Burkina Faso;Boucle du Mouhoun Region
Burkina Faso;Cascades Region
Burkina Faso;Centre
Burkina Faso;Centre-Est Region
Burkina Faso;Centre-Nord Region
Burkina Faso;Centre-Ouest Region
Burkina Faso;Centre-Sud Region
Burkina Faso;Est Region
Burkina Faso;Hauts-Bassins Region
BF;Nord Region
Burkina Faso;Plateau-Central Region
Burkina Faso;Sahel Region
Burkina Faso;Sud-Ouest Region
Burundi;Bubanza Province
Burundi;Bujumbura Mairie Province
Burundi;Bururi Province
Burundi;Cankuzo Province
Burundi;Cibitoke Province
Burundi;Gitega Province
Burundi;Karuzi Province
Burundi;Kayanza Province
Burundi;Kirundo Province
Burundi;Makamba Province
Burundi;Muramvya Province
Burundi;Muyinga Province
Burundi;Mwaro Province
Burundi;Ngozi Province
Burundi;Rumonge Province
Burundi;Rutana Province
Burundi;Ruyigi Province
Cambodia;Banteay Meanchey Province
Cambodia;Battambang Province
Cambodia;Kampong Cham Province
Cambodia;Kampong Chhnang Province
Cambodia;Kampong Speu Province
Cambodia;Kampot Province
Cambodia;Kandal Province
Cambodia;Kep Province
Cambodia;Koh Kong Province
Cambodia;Kratié Province
Cambodia;Mondulkiri Province
Cambodia;Oddar Meanchey Province
Cambodia;Pailin Province
Cambodia;Phnom Penh
Cambodia;Preah Vihear Province
Cambodia;Prey Veng Province
Cambodia;Pursat Province
Cambodia;Ratanakiri Province
Cambodia;Siem Reap Province
Cambodia;Sihanoukville Province
Cambodia;Stung Treng Province
Cambodia;Svay Rieng Province
Cambodia;Takéo Province
Cameroon;Adamawa
Cameroon;Centre
Cameroon;East
Cameroon;Far North
Cameroon;Littoral
Cameroon;North
Cameroon;Northwest
Cameroon;South
Cameroon;Southwest
Cameroon;West
Canada;Alberta
Canada;British Columbia
Canada;Manitoba
Canada;New Brunswick
Canada;Newfoundland and Labrador
Canada;Northwest Territories
Canada;Nova Scotia
Canada;Nunavut
Canada;Ontario
Canada;Prince Edward Island
Canada;Quebec
Canada;Saskatchewan
Canada;Yukon
Cape Verde;Boa Vista
Cape Verde;Brava
Cape Verde;Maio Municipality
Cape Verde;Mosteiros
Cape Verde;Paul
Cape Verde;Porto Novo
Cape Verde;Praia
Cape Verde;Ribeira Brava Municipality
Cape Verde;Ribeira Grande
Cape Verde;Ribeira Grande de Santiago
Cape Verde;Sal
Cape Verde;Santa Catarina
Cape Verde;Santa Catarina do Fogo
Cape Verde;Santa Cruz
Cape Verde;São Domingos
Cape Verde;São Filipe
Cape Verde;São Lourenço dos Órgãos
Cape Verde;São Miguel
Cape Verde;São Vicente
Cape Verde;Tarrafal
Cape Verde;Tarrafal de São Nicolau
Central African Republic;Bamingui-Bangoran Prefecture
Central African Republic;Bangui
Central African Republic;Basse-Kotto Prefecture
Central African Republic;Haut-Mbomou Prefecture
Central African Republic;Haute-Kotto Prefecture
Central African Republic;Kémo Prefecture
Central African Republic;Lobaye Prefecture
Central African Republic;Mambéré-Kadéï
Central African Republic;Mbomou Prefecture
Central African Republic;Nana-Grébizi Economic Prefecture
Central African Republic;Nana-Mambéré Prefecture
Central African Republic;Ombella-M'Poko Prefecture
Central African Republic;Ouaka Prefecture
Central African Republic;Ouham Prefecture
Central African Republic;Ouham-Pendé Prefecture
Central African Republic;Sangha-Mbaéré
Central African Republic;Vakaga Prefecture
Chad;Bahr el Gazel
Chad;Batha Region
Chad;Borkou
Chad;Ennedi-Ouest
Chad;Guéra Region
Chad;Hadjer-Lamis
Chad;Kanem Region
Chad;Lac Region
Chad;Logone Occidental Region
Chad;Logone Oriental Region
Chad;Mandoul Region
Chad;Mayo-Kebbi Est Region
Chad;Mayo-Kebbi Ouest Region
Chad;Moyen-Chari Region
Chad;Ouaddaï Region
Chad;Salamat Region
Chad;Sila Region
Chad;Tandjilé Region
Chad;Tibesti Region
Chad;Wadi Fira Region
Chile;Aisén del General Carlos Ibañez del Campo
Chile;Antofagasta
Chile;Arica y Parinacota
Chile;Atacama
Chile;Biobío
Chile;Coquimbo
Chile;La Araucanía
Chile;Libertador General Bernardo O'Higgins
Chile;Los Lagos
Chile;Los Ríos
Chile;Magallanes y de la Antártica Chilena
Chile;Maule
Chile;Ñuble
Chile;Región Metropolitana de Santiago
Chile;Tarapacá
Chile;Valparaíso
China;Anhui
China;Beijing
China;Chongqing
China;Fujian
China;Gansu
China;Guangdong
China;Guangxi Zhuang
China;Guizhou
China;Hainan
China;Hebei
China;Heilongjiang
China;Henan
China;Hubei
China;Hunan
China;Inner Mongolia
China;Jiangsu
China;Jiangxi
China;Jilin
China;Liaoning
China;Ningxia Huizu
China;Qinghai
China;Shaanxi
China;Shandong
China;Shanghai
China;Shanxi
China;Sichuan
China;Taiwan
China;Tianjin
China;Xinjiang
China;Xizang
China;Yunnan
China;Zhejiang
Colombia;Amazonas
Colombia;Antioquia
Colombia;Arauca
Colombia;Atlántico
Colombia;Bogotá D.C.
Colombia;Bolívar
Colombia;Boyacá
Colombia;Caldas
Colombia;Caquetá
Colombia;Casanare
Colombia;Cauca
Colombia;Cesar
Colombia;Chocó
Colombia;Córdoba
Colombia;Cundinamarca
Colombia;Guainía
Colombia;Guaviare
Colombia;Huila
Colombia;La Guajira
Colombia;Magdalena
Colombia;Meta
Colombia;Nariño
Colombia;Norte de Santander
Colombia;Putumayo
Colombia;Quindío
Colombia;Risaralda
CO;San Andrés
Colombia;Santander
Colombia;Sucre
Colombia;Tolima
Colombia;Valle del Cauca
Colombia;Vaupés
Colombia;Vichada
Comoros;Anjouan
Comoros;Grande Comore
Comoros;Mohéli
Congo;Bouenza Department
Congo;Brazzaville
Congo;Cuvette Department
Congo;Cuvette-Ouest Department
Congo;Lékoumou Department
Congo;Likouala Department
Congo;Niari Department
Congo;Plateaux Department
Congo;Pointe-Noire
Congo;Pool Department
Congo;Sangha Department
Costa Rica;Alajuela Province
Costa Rica;Guanacaste Province
Costa Rica;Heredia Province
Costa Rica;Limón Province
Costa Rica;Provincia de Cartago
Costa Rica;Puntarenas Province
Costa Rica;San José Province
Cote D'Ivoire (Ivory Coast);Abidjan
Cote D'Ivoire (Ivory Coast);Bas-Sassandra District
Cote D'Ivoire (Ivory Coast);Comoé District
Cote D'Ivoire (Ivory Coast);Denguélé District
Cote D'Ivoire (Ivory Coast);Dix-Huit Montagnes
Cote D'Ivoire (Ivory Coast);Gôh-Djiboua District
Cote D'Ivoire (Ivory Coast);Lacs Region
Cote D'Ivoire (Ivory Coast);Lagunes region
Cote D'Ivoire (Ivory Coast);Sassandra-Marahoué District
Cote D'Ivoire (Ivory Coast);Vallée du Bandama Region
Cote D'Ivoire (Ivory Coast);Woroba District
Cote D'Ivoire (Ivory Coast);Zanzan Region
Croatia;Bjelovar-Bilogora County
Croatia;Brod-Posavina County
Croatia;Dubrovnik-Neretva County
Croatia;Istria County
Croatia;Koprivnica-Križevci County
Croatia;Krapina-Zagorje County
Croatia;Lika-Senj County
Croatia;Međimurje County
Croatia;Osijek-Baranja County
Croatia;Požega-Slavonia County
Croatia;Primorje-Gorski Kotar County
Croatia;Šibenik-Knin County
Croatia;Sisak-Moslavina County
Croatia;Split-Dalmatia County
Croatia;Varaždin County
Croatia;Virovitica-Podravina County
Croatia;Vukovar-Syrmia County
Croatia;Zadar County
Croatia;Zagreb
Croatia;Zagreb County
Cuba;Artemisa Province
Cuba;Camagüey Province
Cuba;Ciego de Ávila Province
Cuba;Cienfuegos Province
Cuba;Granma Province
Cuba;Guantánamo Province
Cuba;Havana Province
Cuba;Holguín Province
Cuba;Isla de la Juventud
Cuba;Las Tunas Province
Cuba;Matanzas Province
Cuba;Mayabeque Province
Cuba;Pinar del Río Province
Cuba;Sancti Spíritus Province
Cuba;Santiago de Cuba Province
Cuba;Villa Clara Province
Cyprus;Famagusta District (Mağusa)
Cyprus;Kyrenia District (Keryneia)
Cyprus;Larnaca District (Larnaka)
Cyprus;Limassol District (Leymasun)
Cyprus;Nicosia District (Lefkoşa)
Cyprus;Paphos District (Pafos)
Czech Republic;Jihočeský kraj
Czech Republic;Jihomoravský kraj
Czech Republic;Karlovarský kraj
Czech Republic;Kraj Vysočina
Czech Republic;Královéhradecký kraj
Czech Republic;Liberecký kraj
Czech Republic;Moravskoslezský kraj
Czech Republic;Olomoucký kraj
Czech Republic;Pardubický kraj
Czech Republic;Plzeň-jih
CZ;Praha
Czech Republic;Středočeský kraj
Czech Republic;Ústecký kraj
Czech Republic;Zlín
Democratic Republic of the Congo;Bas-Uélé
Democratic Republic of the Congo;Équateur
Democratic Republic of the Congo;Haut-Katanga
Democratic Republic of the Congo;Haut-Lomami
Democratic Republic of the Congo;Haut-Uélé
Democratic Republic of the Congo;Ituri
Democratic Republic of the Congo;Kasaï
Democratic Republic of the Congo;Kasaï Oriental
Democratic Republic of the Congo;Kinshasa
Democratic Republic of the Congo;Kongo Central
Democratic Republic of the Congo;Kwango
Democratic Republic of the Congo;Kwilu
Democratic Republic of the Congo;Lomami
Democratic Republic of the Congo;Mai-Ndombe
Democratic Republic of the Congo;Maniema
Democratic Republic of the Congo;Mongala
Democratic Republic of the Congo;Nord-Kivu
Democratic Republic of the Congo;Nord-Ubangi
Democratic Republic of the Congo;Sankuru
Democratic Republic of the Congo;Sud-Kivu
Democratic Republic of the Congo;Sud-Ubangi
Democratic Republic of the Congo;Tanganyika
Democratic Republic of the Congo;Tshopo
Democratic Republic of the Congo;Tshuapa
Denmark;Capital Region of Denmark
Denmark;Central Denmark Region
Denmark;North Denmark Region
Denmark;Region of Southern Denmark
Denmark;Region Zealand
Djibouti;Ali Sabieh Region
Djibouti;Arta Region
Djibouti;Dikhil Region
Djibouti;Djibouti
Djibouti;Obock Region
Djibouti;Tadjourah Region
Dominica;Saint Andrew Parish
Dominica;Saint David Parish
Dominica;Saint George Parish
Dominica;Saint John Parish
Dominica;Saint Joseph Parish
Dominica;Saint Luke Parish
Dominica;Saint Mark Parish
Dominica;Saint Patrick Parish
Dominica;Saint Paul Parish
Dominica;Saint Peter Parish
Dominican Republic;Azua Province
Dominican Republic;Baoruco Province
Dominican Republic;Barahona Province
Dominican Republic;Dajabón Province
Dominican Republic;Distrito Nacional
Dominican Republic;Duarte Province
Dominican Republic;El Seibo Province
Dominican Republic;Espaillat Province
Dominican Republic;Hato Mayor Province
Dominican Republic;Hermanas Mirabal Province
Dominican Republic;Independencia
Dominican Republic;La Altagracia Province
Dominican Republic;La Romana Province
Dominican Republic;La Vega Province
Dominican Republic;María Trinidad Sánchez Province
Dominican Republic;Monseñor Nouel Province
Dominican Republic;Monte Cristi Province
Dominican Republic;Monte Plata Province
Dominican Republic;Pedernales Province
Dominican Republic;Peravia Province
Dominican Republic;Puerto Plata Province
Dominican Republic;Samaná Province
Dominican Republic;San Cristóbal Province
Dominican Republic;San José de Ocoa Province
Dominican Republic;San Juan Province
Dominican Republic;San Pedro de Macorís
Dominican Republic;Sánchez Ramírez Province
Dominican Republic;Santiago Province
Dominican Republic;Santiago Rodríguez Province
Dominican Republic;Santo Domingo Province
Dominican Republic;Valverde Province
East Timor;Aileu municipality
East Timor;Ainaro Municipality
East Timor;Baucau Municipality
East Timor;Bobonaro Municipality
East Timor;Cova Lima Municipality
East Timor;Dili municipality
East Timor;Ermera District
East Timor;Lautém Municipality
East Timor;Liquiçá Municipality
East Timor;Manatuto District
East Timor;Manufahi Municipality
East Timor;Viqueque Municipality
Ecuador;Azuay
Ecuador;Bolívar
Ecuador;Cañar
Ecuador;Carchi
Ecuador;Chimborazo
Ecuador;Cotopaxi
Ecuador;El Oro
Ecuador;Esmeraldas
Ecuador;Galápagos
Ecuador;Guayas
Ecuador;Imbabura
Ecuador;Loja
Ecuador;Los Ríos
Ecuador;Manabí
Ecuador;Morona-Santiago
Ecuador;Napo
Ecuador;Orellana
Ecuador;Pastaza
Ecuador;Pichincha
Ecuador;Santa Elena
Ecuador;Santo Domingo de los Tsáchilas
Ecuador;Sucumbíos
Ecuador;Tungurahua
Ecuador;Zamora Chinchipe
Egypt;Alexandria
Egypt;Aswan
Egypt;Asyut
Egypt;Beheira
Egypt;Beni Suef
Egypt;Cairo
Egypt;Dakahlia
Egypt;Damietta
Egypt;Faiyum
Egypt;Gharbia
Egypt;Giza
Egypt;Ismailia
Egypt;Kafr el-Sheikh
Egypt;Luxor
Egypt;Matrouh
Egypt;Minya
Egypt;Monufia
Egypt;New Valley
Egypt;North Sinai
Egypt;Port Said
Egypt;Qalyubia
Egypt;Qena
Egypt;Red Sea
Egypt;Sharqia
Egypt;Sohag
Egypt;South Sinai
Egypt;Suez
El Salvador;Ahuachapán Department
El Salvador;Cabañas Department
El Salvador;Chalatenango Department
El Salvador;Cuscatlán Department
El Salvador;La Libertad Department
El Salvador;La Paz Department
El Salvador;La Unión Department
El Salvador;Morazán Department
El Salvador;San Miguel Department
El Salvador;San Salvador Department
El Salvador;San Vicente Department
El Salvador;Santa Ana Department
El Salvador;Sonsonate Department
El Salvador;Usulután Department
Equatorial Guinea;Annobón Province
Equatorial Guinea;Bioko Norte Province
Equatorial Guinea;Bioko Sur Province
Equatorial Guinea;Centro Sur Province
Equatorial Guinea;Kié-Ntem Province
Equatorial Guinea;Litoral Province
Equatorial Guinea;Wele-Nzas Province
Eritrea;Anseba Region
Eritrea;Debub Region
Eritrea;Gash-Barka Region
Eritrea;Maekel Region
Eritrea;Northern Red Sea Region
Eritrea;Southern Red Sea Region
Estonia;Harju County
Estonia;Hiiu County
Estonia;Ida-Viru County
Estonia;Järva County
Estonia;Jõgeva County
Estonia;Lääne County
Estonia;Lääne-Viru County
Estonia;Pärnu County
Estonia;Põlva County
Estonia;Rapla County
Estonia;Saare County
Estonia;Tartu County
Estonia;Valga County
Estonia;Viljandi County
Estonia;Võru County
Ethiopia;Addis Ababa
Ethiopia;Afar Region
Ethiopia;Amhara Region
Ethiopia;Benishangul-Gumuz Region
Ethiopia;Dire Dawa
Ethiopia;Gambela Region
Ethiopia;Harari Region
Ethiopia;Oromia Region
Ethiopia;Somali Region
70;Southern Nations
Ethiopia;Tigray Region
Fiji Islands;Central Division
Fiji Islands;Eastern Division
Fiji Islands;Northern Division
Fiji Islands;Western Division
Finland;Central Finland
Finland;Central Ostrobothnia
Finland;Finland Proper
Finland;Kainuu
Finland;Kymenlaakso
Finland;Lapland
Finland;North Karelia
Finland;Northern Ostrobothnia
Finland;Ostrobothnia
Finland;Päijänne Tavastia
Finland;Pirkanmaa
Finland;Satakunta
Finland;South Karelia
Finland;Southern Ostrobothnia
Finland;Southern Savonia
Finland;Tavastia Proper
Finland;Uusimaa
France;Auvergne-Rhône-Alpes
France;Bourgogne-Franche-Comté
France;Bretagne
France;Centre-Val de Loire
France;Corse
France;Grand-Est
France;Hauts-de-France
France;Île-de-France
France;Normandie
France;Nouvelle-Aquitaine
France;Occitanie
France;Pays-de-la-Loire
France;Provence-Alpes-Côte-d’Azur
Gabon;Estuaire Province
Gabon;Haut-Ogooué Province
Gabon;Moyen-Ogooué Province
Gabon;Ngounié Province
Gabon;Nyanga Province
Gabon;Ogooué-Ivindo Province
Gabon;Ogooué-Lolo Province
Gabon;Ogooué-Maritime Province
Gabon;Woleu-Ntem Province
Gambia The;Banjul
Gambia The;Central River Division
Gambia The;Lower River Division
Gambia The;North Bank Division
Gambia The;Upper River Division
Gambia The;West Coast Division
Georgia;Adjara
Georgia;Autonomous Republic of Abkhazia
Georgia;Guria
Georgia;Imereti
Georgia;Kakheti
Georgia;Kvemo Kartli
Georgia;Mtskheta-Mtianeti
Georgia;Racha-Lechkhumi and Kvemo Svaneti
Georgia;Samegrelo-Zemo Svaneti
Georgia;Samtskhe-Javakheti
Georgia;Shida Kartli
Georgia;Tbilisi
Germany;Baden-Württemberg
Germany;Bavaria
Germany;Berlin
Germany;Brandenburg
Germany;Bremen
Germany;Hamburg
Germany;Hesse
Germany;Lower Saxony
Germany;Mecklenburg-Vorpommern
Germany;North Rhine-Westphalia
Germany;Rhineland-Palatinate
Germany;Saarland
Germany;Saxony
Germany;Saxony-Anhalt
Germany;Schleswig-Holstein
Germany;Thuringia
Ghana;Ahafo
Ghana;Ashanti
Ghana;Bono
Ghana;Bono East
Ghana;Central
Ghana;Eastern
Ghana;Greater Accra
Ghana;North East
Ghana;Northern
Ghana;Oti
Ghana;Savannah
Ghana;Upper East
Ghana;Upper West
Ghana;Volta
Ghana;Western
Ghana;Western North
Greece;Attica Region
Greece;Central Greece Region
Greece;Central Macedonia
Greece;Corfu Prefecture
Greece;Crete Region
Greece;East Attica Regional Unit
Greece;Epirus Region
Greece;Ionian Islands Region
Greece;Kefalonia Prefecture
Greece;Lefkada Regional Unit
Greece;Peloponnese Region
Greece;South Aegean
Greece;West Greece Region
Greece;West Macedonia Region
Grenada;Carriacou and Petite Martinique
Grenada;Saint Andrew Parish
Grenada;Saint David Parish
Grenada;Saint George Parish
Grenada;Saint John Parish
Grenada;Saint Mark Parish
Grenada;Saint Patrick Parish
Guatemala;Alta Verapaz Department
Guatemala;Baja Verapaz Department
Guatemala;Chimaltenango Department
Guatemala;Chiquimula Department
Guatemala;El Progreso Department
Guatemala;Escuintla Department
Guatemala;Guatemala Department
Guatemala;Huehuetenango Department
Guatemala;Izabal Department
Guatemala;Jalapa Department
Guatemala;Jutiapa Department
Guatemala;Petén Department
Guatemala;Quetzaltenango Department
Guatemala;Quiché Department
Guatemala;Retalhuleu Department
Guatemala;Sacatepéquez Department
Guatemala;San Marcos Department
Guatemala;Santa Rosa Department
Guatemala;Sololá Department
Guatemala;Suchitepéquez Department
Guatemala;Totonicapán Department
Guinea;Boké Region
Guinea;Conakry
Guinea;Kankan Region
Guinea;Kindia Region
Guinea;Labé Region
Guinea;Mamou Region
Guinea;Nzérékoré Region
Guinea-Bissau;Bafatá
Guinea-Bissau;Biombo Region
Guinea-Bissau;Bolama Region
Guinea-Bissau;Cacheu Region
Guinea-Bissau;Gabú Region
Guinea-Bissau;Oio Region
Guinea-Bissau;Quinara Region
Guinea-Bissau;Tombali Region
Guyana;Barima-Waini
Guyana;Cuyuni-Mazaruni
Guyana;Demerara-Mahaica
Guyana;East Berbice-Corentyne
Guyana;Essequibo Islands-West Demerara
Guyana;Mahaica-Berbice
Guyana;Pomeroon-Supenaam
Guyana;Potaro-Siparuni
Guyana;Upper Demerara-Berbice
Guyana;Upper Takutu-Upper Essequibo
Haiti;Artibonite
Haiti;Centre
Haiti;Grand'Anse
Haiti;Nippes
Haiti;Nord
Haiti;Nord-Est
Haiti;Nord-Ouest
Haiti;Ouest
Haiti;Sud
Haiti;Sud-Est
Honduras;Atlántida Department
Honduras;Bay Islands Department
Honduras;Choluteca Department
Honduras;Colón Department
Honduras;Comayagua Department
Honduras;Copán Department
HN;CP
Honduras;Cortés Department
Honduras;El Paraíso Department
Honduras;Francisco Morazán Department
Honduras;Gracias a Dios Department
Honduras;Intibucá Department
Honduras;La Paz Department
Honduras;Lempira Department
Honduras;Ocotepeque Department
Honduras;Olancho Department
Honduras;Santa Bárbara Department
HN;SB
Honduras;Valle Department
Honduras;Yoro Department
Hungary;Bács-Kiskun County
Hungary;Baranya County
Hungary;Békés County
Hungary;Borsod-Abaúj-Zemplén County
Hungary;Budapest
Hungary;Csongrád County
Hungary;Fejér County
Hungary;Győr-Moson-Sopron County
Hungary;Hajdú-Bihar County
Hungary;Heves County
Hungary;Jász-Nagykun-Szolnok County
Hungary;Nógrád County
Hungary;Pest County
Hungary;Somogy County
Hungary;Szabolcs-Szatmár-Bereg County
Hungary;Tolna County
Hungary;Vas County
Hungary;Veszprém County
Hungary;Zala County
Iceland;Capital Region
Iceland;Eastern Region
Iceland;Northeastern Region
Iceland;Northwestern Region
Iceland;Southern Peninsula Region
Iceland;Southern Region
Iceland;Western Region
Iceland;Westfjords
India;Andaman and Nicobar Islands
India;Andhra Pradesh
101;4017
India;Arunachal Pradesh
India;Assam
India;Bihar
India;Chandigarh
India;Chhattisgarh
India;Dadra and Nagar Haveli and Daman and Diu
India;Delhi
India;Goa
India;Gujarat
IN;GJ
India;Haryana
India;Himachal Pradesh
India;Jammu and Kashmir
India;Jharkhand
India;Karnataka
India;Kerala
India;Ladakh
India;Lakshadweep
India;Madhya Pradesh
India;Maharashtra
IN;MH
India;Manipur
India;Meghalaya
India;Mizoram
India;Nagaland
India;Odisha
India;Puducherry
India;Punjab
India;Rajasthan
India;Sikkim
India;Tamil Nadu
India;Telangana
India;Tripura
India;Uttar Pradesh
IN;UP
India;Uttarakhand
India;West Bengal
IN;WB
Indonesia;Aceh
Indonesia;Bali
Indonesia;Banten
Indonesia;Bengkulu
Indonesia;DI Yogyakarta
Indonesia;DKI Jakarta
Indonesia;Gorontalo
Indonesia;Jambi
Indonesia;Jawa Barat
Indonesia;Jawa Tengah
Indonesia;Jawa Timur
Indonesia;Kalimantan Selatan
Indonesia;Kalimantan Tengah
Indonesia;Kalimantan Timur
Indonesia;Kalimantan Utara
Indonesia;Kepulauan Bangka Belitung
Indonesia;Kepulauan Riau
Indonesia;Lampung
Indonesia;Maluku
Indonesia;Maluku Utara
Indonesia;Nusa Tenggara Barat
Indonesia;Nusa Tenggara Timur
Indonesia;Papua
Indonesia;Papua Barat
Indonesia;Riau
Indonesia;Sulawesi Barat
Indonesia;Sulawesi Selatan
Indonesia;Sulawesi Tengah
Indonesia;Sulawesi Tenggara
Indonesia;Sulawesi Utara
ID;SA
Indonesia;Sumatera Barat
Indonesia;Sumatera Selatan
Indonesia;Sumatera Utara
Iran;Alborz Province
Iran;Ardabil Province
Iran;Bushehr Province
Iran;Chaharmahal and Bakhtiari Province
Iran;East Azerbaijan Province
Iran;Fars Province
Iran;Gilan Province
Iran;Golestan Province
Iran;Hamadan Province
IR;13
Iran;Hormozgan Province
Iran;Ilam Province
Iran;Isfahan Province
Iran;Kerman Province
Iran;Kermanshah Province
Iran;Khuzestan Province
Iran;Kohgiluyeh and Boyer-Ahmad Province
Iran;Kurdistan Province
Iran;Lorestan Province
Iran;Markazi Province
Iran;Mazandaran Province
Iran;North Khorasan Province
Iran;Qazvin Province
Iran;Qom Province
Iran;Razavi Khorasan Province
Iran;Semnan Province
Iran;Sistan and Baluchestan
Iran;South Khorasan Province
Iran;Tehran Province
Iran;West Azarbaijan Province
Iran;Yazd Province
Iran;Zanjan Province
Iraq;Al Anbar Governorate
Iraq;Al Muthanna Governorate
Iraq;Al-Qādisiyyah Governorate
Iraq;Babylon Governorate
Iraq;Baghdad Governorate
Iraq;Basra Governorate
Iraq;Dhi Qar Governorate
Iraq;Diyala Governorate
Iraq;Dohuk Governorate
Iraq;Erbil Governorate
Iraq;Karbala Governorate
Iraq;Kirkuk Governorate
Iraq;Maysan Governorate
Iraq;Najaf Governorate
Iraq;Nineveh Governorate
Iraq;Saladin Governorate
Iraq;Sulaymaniyah Governorate
Iraq;Wasit Governorate
Ireland;Connacht
Ireland;Leinster
Ireland;Munster
Ireland;Ulster
Israel;Central District
Israel;Haifa District
Israel;Jerusalem District
Israel;Northern District
Israel;Southern District
Israel;Tel Aviv District
Italy;Abruzzo
Italy;Aosta Valley
Italy;Apulia
Italy;Basilicata
Italy;Calabria
Italy;Campania
Italy;Emilia-Romagna
Italy;Friuli–Venezia Giulia
Italy;Lazio
Italy;Liguria
Italy;Lombardy
Italy;Marche
Italy;Molise
Italy;Piedmont
Italy;Sardinia
Italy;Sicily
Italy;Trentino-South Tyrol
Italy;Tuscany
Italy;Umbria
Italy;Veneto
Jamaica;Clarendon Parish
Jamaica;Hanover Parish
Jamaica;Kingston Parish
Jamaica;Manchester Parish
Jamaica;Portland Parish
Jamaica;Saint Andrew
Jamaica;Saint Ann Parish
Jamaica;Saint Catherine Parish
Jamaica;Saint Elizabeth Parish
Jamaica;Saint James Parish
Jamaica;Saint Mary Parish
Jamaica;Saint Thomas Parish
Jamaica;Trelawny Parish
Jamaica;Westmoreland Parish
Japan;Aichi Prefecture
Japan;Akita Prefecture
Japan;Aomori Prefecture
Japan;Chiba Prefecture
Japan;Ehime Prefecture
Japan;Fukui Prefecture
Japan;Fukuoka Prefecture
Japan;Fukushima Prefecture
Japan;Gifu Prefecture
Japan;Gunma Prefecture
Japan;Hiroshima Prefecture
Japan;Hokkaidō Prefecture
Japan;Hyōgo Prefecture
Japan;Ibaraki Prefecture
Japan;Ishikawa Prefecture
Japan;Iwate Prefecture
Japan;Kagawa Prefecture
Japan;Kagoshima Prefecture
Japan;Kanagawa Prefecture
Japan;Kōchi Prefecture
Japan;Kumamoto Prefecture
Japan;Kyōto Prefecture
Japan;Mie Prefecture
Japan;Miyagi Prefecture
Japan;Miyazaki Prefecture
Japan;Nagano Prefecture
Japan;Nagasaki Prefecture
Japan;Nara Prefecture
Japan;Niigata Prefecture
Japan;Ōita Prefecture
Japan;Okayama Prefecture
Japan;Okinawa Prefecture
Japan;Ōsaka Prefecture
Japan;Saga Prefecture
Japan;Saitama Prefecture
Japan;Shiga Prefecture
Japan;Shimane Prefecture
Japan;Shizuoka Prefecture
Japan;Tochigi Prefecture
Japan;Tokushima Prefecture
Japan;Tokyo
Japan;Tottori Prefecture
Japan;Toyama Prefecture
Japan;Wakayama Prefecture
Japan;Yamagata Prefecture
Japan;Yamaguchi Prefecture
Japan;Yamanashi Prefecture
Jordan;Ajloun Governorate
Jordan;Amman Governorate
Jordan;Aqaba Governorate
Jordan;Balqa Governorate
Jordan;Irbid Governorate
Jordan;Jerash Governorate
Jordan;Karak Governorate
Jordan;Ma'an Governorate
Jordan;Madaba Governorate
Jordan;Mafraq Governorate
Jordan;Tafilah Governorate
Jordan;Zarqa Governorate
Kazakhstan;Akmola Region
Kazakhstan;Aktobe Region
Kazakhstan;Almaty
Kazakhstan;Almaty Region
Kazakhstan;Atyrau Region
Kazakhstan;Baikonur
Kazakhstan;East Kazakhstan Region
Kazakhstan;Jambyl Region
Kazakhstan;Karaganda Region
Kazakhstan;Kostanay Region
Kazakhstan;Kyzylorda Region
Kazakhstan;Mangystau Region
Kazakhstan;North Kazakhstan Region
Kazakhstan;Nur-Sultan
Kazakhstan;Pavlodar Region
Kazakhstan;Turkestan Region
Kazakhstan;West Kazakhstan Province
Kenya;Baringo
Kenya;Bomet
Kenya;Bungoma
Kenya;Busia
Kenya;Embu
Kenya;Garissa
Kenya;Homa Bay
Kenya;Isiolo
Kenya;Kajiado
Kenya;Kakamega
Kenya;Kericho
Kenya;Kiambu
Kenya;Kilifi
Kenya;Kirinyaga
Kenya;Kisii
Kenya;Kisumu
Kenya;Kitui
Kenya;Kwale
Kenya;Laikipia
Kenya;Lamu
Kenya;Machakos
Kenya;Makueni
Kenya;Mandera
Kenya;Marsabit
Kenya;Meru
Kenya;Migori
Kenya;Mombasa
Kenya;Murang'a
Kenya;Nairobi City
Kenya;Nakuru
Kenya;Nandi
Kenya;Narok
Kenya;Nyamira
Kenya;Nyandarua
Kenya;Nyeri
Kenya;Samburu
Kenya;Siaya
Kenya;Tana River
Kenya;Tharaka-Nithi
Kenya;Trans Nzoia
Kenya;Turkana
Kenya;Uasin Gishu
Kenya;Wajir
Kenya;West Pokot
Kiribati;Gilbert Islands
Kiribati;Line Islands
Kiribati;Phoenix Islands
Kuwait;Al Ahmadi Governorate
Kuwait;Al Farwaniyah Governorate
Kuwait;Al Jahra Governorate
Kuwait;Capital Governorate
Kuwait;Hawalli Governorate
Kuwait;Mubarak Al-Kabeer Governorate
Kyrgyzstan;Batken Region
Kyrgyzstan;Bishkek
Kyrgyzstan;Chuy Region
Kyrgyzstan;Issyk-Kul Region
Kyrgyzstan;Jalal-Abad Region
Kyrgyzstan;Naryn Region
Kyrgyzstan;Osh Region
Kyrgyzstan;Talas Region
Laos;Attapeu Province
Laos;Bokeo Province
Laos;Bolikhamsai Province
Laos;Champasak Province
Laos;Houaphanh Province
Laos;Khammouane Province
Laos;Luang Namtha Province
Laos;Luang Prabang Province
Laos;Oudomxay Province
Laos;Phongsaly Province
Laos;Sainyabuli Province
Laos;Salavan Province
Laos;Savannakhet Province
Laos;Sekong Province
Laos;Vientiane Prefecture
Laos;Vientiane Province
Laos;Xaisomboun Province
Laos;Xiangkhouang Province
Latvia;Aglona Municipality
Latvia;Aizkraukle Municipality
Latvia;Aizpute Municipality
Latvia;Aknīste Municipality
Latvia;Aloja Municipality
Latvia;Alsunga Municipality
Latvia;Alūksne Municipality
Latvia;Ape Municipality
Latvia;Auce Municipality
Latvia;Babīte Municipality
Latvia;Baldone Municipality
Latvia;Baltinava Municipality
Latvia;Balvi Municipality
Latvia;Bauska Municipality
Latvia;Beverīna Municipality
Latvia;Brocēni Municipality
Latvia;Carnikava Municipality
Latvia;Cēsis Municipality
Latvia;Cesvaine Municipality
Latvia;Cibla Municipality
Latvia;Dagda Municipality
Latvia;Daugavpils Municipality
Latvia;Dobele Municipality
Latvia;Dundaga Municipality
Latvia;Durbe Municipality
Latvia;Engure Municipality
Latvia;Ērgļi Municipality
Latvia;Garkalne Municipality
Latvia;Grobiņa Municipality
Latvia;Gulbene Municipality
Latvia;Iecava Municipality
Latvia;Ikšķile Municipality
Latvia;Ilūkste Municipality
Latvia;Inčukalns Municipality
Latvia;Jaunjelgava Municipality
Latvia;Jaunpils Municipality
Latvia;Jēkabpils Municipality
Latvia;Jelgava
Latvia;Jelgava Municipality
Latvia;Jūrmala
Latvia;Kandava Municipality
Latvia;Kārsava Municipality
Latvia;Ķegums Municipality
Latvia;Ķekava Municipality
Latvia;Kocēni Municipality
Latvia;Koknese Municipality
Latvia;Krāslava Municipality
Latvia;Kuldīga Municipality
Latvia;Lielvārde Municipality
Latvia;Liepāja
Latvia;Līgatne Municipality
Latvia;Limbaži Municipality
Latvia;Līvāni Municipality
Latvia;Lubāna Municipality
Latvia;Ludza Municipality
Latvia;Madona Municipality
Latvia;Mālpils Municipality
Latvia;Mārupe Municipality
Latvia;Mazsalaca Municipality
Latvia;Naukšēni Municipality
Latvia;Nereta Municipality
Latvia;Nīca Municipality
Latvia;Ogre Municipality
Latvia;Olaine Municipality
Latvia;Ozolnieki Municipality
Latvia;Pārgauja Municipality
Latvia;Pāvilosta Municipality
Latvia;Pļaviņas Municipality
Latvia;Preiļi Municipality
Latvia;Priekule Municipality
Latvia;Priekuļi Municipality
Latvia;Rauna Municipality
Latvia;Rēzekne
Latvia;Riebiņi Municipality
Latvia;Riga
Latvia;Roja Municipality
Latvia;Ropaži Municipality
Latvia;Rucava Municipality
Latvia;Rugāji Municipality
Latvia;Rūjiena Municipality
Latvia;Rundāle Municipality
Latvia;Salacgrīva Municipality
Latvia;Salaspils Municipality
Latvia;Saldus Municipality
Latvia;Saulkrasti Municipality
Latvia;Sēja Municipality
Latvia;Sigulda Municipality
Latvia;Skrīveri Municipality
Latvia;Skrunda Municipality
Latvia;Smiltene Municipality
Latvia;Stopiņi Municipality
Latvia;Strenči Municipality
Latvia;Talsi Municipality
Latvia;Tērvete Municipality
Latvia;Vaiņode Municipality
Latvia;Valka Municipality
Latvia;Valmiera
Latvia;Varakļāni Municipality
Latvia;Vārkava Municipality
Latvia;Vecpiebalga Municipality
Latvia;Vecumnieki Municipality
Latvia;Ventspils
Latvia;Ventspils Municipality
Latvia;Viesīte Municipality
Latvia;Viļaka Municipality
Latvia;Viļāni Municipality
Latvia;Zilupe Municipality
Lebanon;Akkar Governorate
Lebanon;Baalbek-Hermel Governorate
Lebanon;Beirut Governorate
Lebanon;Beqaa Governorate
Lebanon;Mount Lebanon Governorate
Lebanon;Nabatieh Governorate
Lebanon;North Governorate
Lebanon;South Governorate
Lesotho;Berea District
Lesotho;Butha-Buthe District
Lesotho;Leribe District
Lesotho;Mafeteng District
Lesotho;Maseru District
Lesotho;Mohale's Hoek District
Lesotho;Mokhotlong District
Lesotho;Qacha's Nek District
Lesotho;Quthing District
Lesotho;Thaba-Tseka District
Liberia;Bomi County
Liberia;Bong County
Liberia;Gbarpolu County
Liberia;Grand Bassa County
Liberia;Grand Cape Mount County
Liberia;Grand Gedeh County
Liberia;Grand Kru County
Liberia;Lofa County
Liberia;Margibi County
Liberia;Maryland County
Liberia;Montserrado County
Liberia;Nimba
Liberia;River Cess County
Liberia;River Gee County
Liberia;Sinoe County
Libya;Al Wahat District
Libya;Benghazi
Libya;Derna District
Libya;Ghat District
Libya;Jabal al Akhdar
Libya;Jabal al Gharbi District
Libya;Jafara
Libya;Jufra
Libya;Kufra District
Libya;Marj District
Libya;Misrata District
Libya;Murqub
Libya;Murzuq District
Libya;Nalut District
Libya;Nuqat al Khams
Libya;Sabha District
Libya;Sirte District
Libya;Tripoli District
Libya;Wadi al Hayaa District
Libya;Wadi al Shatii District
Libya;Zawiya District
Liechtenstein;Balzers
Liechtenstein;Eschen
Liechtenstein;Gamprin
Liechtenstein;Mauren
Liechtenstein;Planken
Liechtenstein;Ruggell
Liechtenstein;Schaan
Liechtenstein;Schellenberg
Liechtenstein;Triesen
Liechtenstein;Triesenberg
Liechtenstein;Vaduz
Lithuania;Alytus City Municipality
Lithuania;Kaunas City Municipality
Lithuania;Klaipėda District Municipality
Lithuania;Marijampolė Municipality
Lithuania;Panevėžys District Municipality
Lithuania;Šiauliai City Municipality
Lithuania;Tauragė County
Lithuania;Telšiai District Municipality
Lithuania;Utena County
Lithuania;Vilnius City Municipality
Luxembourg;Canton of Capellen
Luxembourg;Canton of Clervaux
Luxembourg;Canton of Diekirch
Luxembourg;Canton of Echternach
Luxembourg;Canton of Esch-sur-Alzette
Luxembourg;Canton of Grevenmacher
Luxembourg;Canton of Luxembourg
Luxembourg;Canton of Mersch
Luxembourg;Canton of Redange
Luxembourg;Canton of Remich
Luxembourg;Canton of Vianden
Luxembourg;Canton of Wiltz
Macedonia;Aračinovo Municipality
Macedonia;Berovo Municipality
Macedonia;Bitola Municipality
Macedonia;Bogdanci Municipality
Macedonia;Bogovinje Municipality
Macedonia;Bosilovo Municipality
Macedonia;Brvenica Municipality
Macedonia;Butel Municipality
Macedonia;Čair Municipality
Macedonia;Čaška Municipality
Macedonia;Centar Župa Municipality
Macedonia;Češinovo-Obleševo Municipality
Macedonia;Čučer-Sandevo Municipality
Macedonia;Debarca Municipality
Macedonia;Delčevo Municipality
Macedonia;Demir Hisar Municipality
Macedonia;Demir Kapija Municipality
Macedonia;Dojran Municipality
Macedonia;Dolneni Municipality
Macedonia;Gazi Baba Municipality
Macedonia;Gevgelija Municipality
Macedonia;Gjorče Petrov Municipality
Macedonia;Gostivar Municipality
Macedonia;Gradsko Municipality
Macedonia;Greater Skopje
Macedonia;Ilinden Municipality
Macedonia;Jegunovce Municipality
Macedonia;Karbinci
Macedonia;Karpoš Municipality
Macedonia;Kavadarci Municipality
Macedonia;Kičevo Municipality
Macedonia;Kisela Voda Municipality
Macedonia;Kočani Municipality
Macedonia;Konče Municipality
Macedonia;Kratovo Municipality
Macedonia;Kriva Palanka Municipality
Macedonia;Krivogaštani Municipality
Macedonia;Kruševo Municipality
Macedonia;Kumanovo Municipality
Macedonia;Lipkovo Municipality
Macedonia;Lozovo Municipality
Macedonia;Makedonska Kamenica Municipality
Macedonia;Makedonski Brod Municipality
Macedonia;Mavrovo and Rostuša Municipality
Macedonia;Mogila Municipality
Macedonia;Negotino Municipality
Macedonia;Novaci Municipality
Macedonia;Novo Selo Municipality
Macedonia;Ohrid Municipality
Macedonia;Pehčevo Municipality
Macedonia;Petrovec Municipality
Macedonia;Plasnica Municipality
Macedonia;Prilep Municipality
Macedonia;Probištip Municipality
Macedonia;Radoviš Municipality
Macedonia;Rankovce Municipality
Macedonia;Resen Municipality
Macedonia;Rosoman Municipality
Macedonia;Saraj Municipality
Macedonia;Sopište Municipality
Macedonia;Staro Nagoričane Municipality
Macedonia;Štip Municipality
Macedonia;Struga Municipality
Macedonia;Strumica Municipality
Macedonia;Studeničani Municipality
Macedonia;Šuto Orizari Municipality
Macedonia;Sveti Nikole Municipality
Macedonia;Tearce Municipality
Macedonia;Tetovo Municipality
Macedonia;Valandovo Municipality
Macedonia;Vasilevo Municipality
Macedonia;Veles Municipality
Macedonia;Vevčani Municipality
Macedonia;Vinica Municipality
Macedonia;Vrapčište Municipality
Macedonia;Zelenikovo Municipality
Macedonia;Želino Municipality
Macedonia;Zrnovci Municipality
Madagascar;Antsiranana Province
Malawi;Central Region
Malawi;Northern Region
Malawi;Southern Region
Malaysia;Johor
Malaysia;Kedah
Malaysia;Kelantan
Malaysia;Kuala Lumpur
Malaysia;Labuan
Malaysia;Malacca
Malaysia;Negeri Sembilan
Malaysia;Pahang
MY;06
Malaysia;Penang
Malaysia;Perak
Malaysia;Perlis
Malaysia;Putrajaya
Malaysia;Sabah
Malaysia;Sarawak
Malaysia;Selangor
Malaysia;Terengganu
Maldives;Addu Atoll
Maldives;Dhaalu Atoll
Maldives;Gaafu Alif Atoll
Maldives;Gaafu Dhaalu Atoll
Maldives;Gnaviyani Atoll
Maldives;Haa Alif Atoll
Maldives;Haa Dhaalu Atoll
Maldives;Kaafu Atoll
Maldives;Laamu Atoll
Maldives;Lhaviyani Atoll
Maldives;Meemu Atoll
Maldives;Noonu Atoll
Maldives;Raa Atoll
Maldives;Shaviyani Atoll
Maldives;South Central Province
Maldives;Thaa Atoll
Maldives;Vaavu Atoll
Mali;Bamako
Mali;Gao Region
Mali;Kayes Region
Mali;Kidal Region
Mali;Koulikoro Region
Mali;Mopti Region
Mali;Ségou Region
Mali;Sikasso Region
Mali;Tombouctou Region
Malta;Attard
Malta;Balzan
Malta;Birgu
Malta;Birkirkara
Malta;Birżebbuġa
Malta;Cospicua
Malta;Dingli
Malta;Fgura
Malta;Floriana
Malta;Fontana
Malta;Għajnsielem
Malta;Għargħur
Malta;Għasri
Malta;Għaxaq
Malta;Gżira
Malta;Ħamrun
Malta;Iklin
Malta;Kalkara
Malta;Kerċem
Malta;Kirkop
Malta;Lija
Malta;Luqa
Malta;Marsa
Malta;Marsaskala
Malta;Marsaxlokk
Malta;Mġarr
Malta;Msida
Malta;Munxar
Malta;Nadur
Malta;Naxxar
Malta;Paola
Malta;Pembroke
Malta;Pietà
Malta;Qala
Malta;Qormi
Malta;Qrendi
Malta;Saint Lawrence
Malta;San Ġwann
Malta;Sannat
Malta;Santa Luċija
Malta;Senglea
Malta;Siġġiewi
Malta;Sliema
Malta;St. Julian's
Malta;St. Paul's Bay
Malta;Swieqi
Malta;Ta' Xbiex
Malta;Tarxien
Malta;Valletta
Malta;Victoria
Malta;Xagħra
Malta;Xewkija
Malta;Xgħajra
Malta;Żabbar
Malta;Żebbuġ Gozo
Malta;Żebbuġ Malta
Malta;Żejtun
Malta;Żurrieq
Mauritania;Adrar Region
Mauritania;Assaba Region
Mauritania;Brakna Region
Mauritania;Dakhlet Nouadhibou
Mauritania;Gorgol Region
Mauritania;Guidimaka Region
Mauritania;Hodh Ech Chargui Region
Mauritania;Hodh El Gharbi Region
Mauritania;Inchiri Region
Mauritania;Tiris Zemmour Region
Mauritania;Trarza Region
Mauritius;Agaléga
Mauritius;Cargados Carajos
Mauritius;Flacq District
Mauritius;Grand Port District
Mauritius;Moka District
Mauritius;Pamplemousses District
Mauritius;Plaines Wilhems District
Mauritius;Port Louis District
Mauritius;Rivière du Rempart District
Mauritius;Rivière Noire District
Mauritius;Rodrigues
Mauritius;Savanne District
Mexico;Aguascalientes
Mexico;Baja California
Mexico;Baja California Sur
Mexico;Campeche
Mexico;Chiapas
Mexico;Chihuahua
Mexico;Coahuila
Mexico;Colima
Mexico;Durango
Mexico;Guanajuato
Mexico;Guerrero
Mexico;Hidalgo
Mexico;Jalisco
MX;JAL
142;4857
Mexico;México
Mexico;Mexico City
Mexico;Michoacán
Mexico;Morelos
Mexico;Nayarit
Mexico;Nuevo León
Mexico;Oaxaca
Mexico;Puebla
Mexico;Querétaro
Mexico;Quintana Roo
Mexico;San Luis Potosí
Mexico;Sinaloa
Mexico;Sonora
Mexico;Tabasco
Mexico;Tamaulipas
Mexico;Tlaxcala
Mexico;Veracruz
Mexico;Yucatán
Mexico;Zacatecas
Micronesia;Chuuk State
Micronesia;Kosrae State
Micronesia;Pohnpei State
Micronesia;Yap State
Moldova;Anenii Noi District
Moldova;Bălți Municipality
Moldova;Basarabeasca District
Moldova;Bender Municipality
Moldova;Briceni District
Moldova;Cahul District
Moldova;Călărași District
Moldova;Cantemir District
Moldova;Căușeni District
Moldova;Chișinău Municipality
Moldova;Cimișlia District
Moldova;Criuleni District
Moldova;Dondușeni District
Moldova;Drochia District
Moldova;Dubăsari District
Moldova;Edineț District
Moldova;Fălești District
Moldova;Florești District
Moldova;Gagauzia
Moldova;Glodeni District
Moldova;Hîncești District
Moldova;Ialoveni District
Moldova;Nisporeni District
Moldova;Ocnița District
Moldova;Orhei District
Moldova;Rezina District
Moldova;Rîșcani District
Moldova;Sîngerei District
Moldova;Șoldănești District
Moldova;Soroca District
Moldova;Ștefan Vodă District
Moldova;Strășeni District
Moldova;Taraclia District
Moldova;Telenești District
Moldova;Transnistria autonomous territorial unit
Moldova;Ungheni District
Mongolia;Arkhangai Province
Mongolia;Bayan-Ölgii Province
Mongolia;Bayankhongor Province
Mongolia;Bulgan Province
Mongolia;Darkhan-Uul Province
Mongolia;Dornod Province
Mongolia;Dundgovi Province
Mongolia;Govi-Altai Province
Mongolia;Govisümber Province
Mongolia;Khentii Province
Mongolia;Khovd Province
Mongolia;Khövsgöl Province
Mongolia;Ömnögovi Province
Mongolia;Orkhon Province
Mongolia;Övörkhangai Province
Mongolia;Selenge Province
Mongolia;Sükhbaatar Province
Mongolia;Töv Province
Mongolia;Uvs Province
Mongolia;Zavkhan Province
Montenegro;Andrijevica Municipality
Montenegro;Bar Municipality
Montenegro;Berane Municipality
Montenegro;Bijelo Polje Municipality
Montenegro;Budva Municipality
Montenegro;Danilovgrad Municipality
Montenegro;Gusinje Municipality
Montenegro;Kolašin Municipality
Montenegro;Kotor Municipality
Montenegro;Mojkovac Municipality
Montenegro;Nikšić Municipality
Montenegro;Old Royal Capital Cetinje
Montenegro;Plav Municipality
Montenegro;Pljevlja Municipality
Montenegro;Plužine Municipality
Montenegro;Podgorica Municipality
Montenegro;Rožaje Municipality
Montenegro;Šavnik Municipality
Montenegro;Tivat Municipality
Montenegro;Ulcinj Municipality
Montenegro;Žabljak Municipality
Morocco;Assa-Zag (EH-partial)
Morocco;Casablanca-Settat
Morocco;Drâa-Tafilalet
Morocco;Fès-Meknès
Morocco;Guelmim-Oued Noun (EH-partial)
Morocco;Kénitra
Morocco;Khénifra
Morocco;L'Oriental
Morocco;Laâyoune-Sakia El Hamra (EH-partial)
Morocco;Oued Ed-Dahab (EH)
Morocco;Safi
Morocco;Tanger-Tétouan-Al Hoceïma
Mozambique;Cabo Delgado Province
Mozambique;Gaza Province
Mozambique;Inhambane Province
Mozambique;Manica Province
Mozambique;Maputo
Mozambique;Maputo Province
Mozambique;Nampula Province
Mozambique;Niassa Province
Mozambique;Sofala Province
Mozambique;Tete Province
Mozambique;Zambezia Province
Myanmar;Ayeyarwady Region
Myanmar;Bago
Myanmar;Chin State
Myanmar;Kachin State
Myanmar;Kayah State
Myanmar;Kayin State
Myanmar;Magway Region
Myanmar;Mandalay Region
Myanmar;Mon State
Myanmar;Naypyidaw Union Territory
Myanmar;Rakhine State
Myanmar;Sagaing Region
Myanmar;Shan State
Myanmar;Tanintharyi Region
Myanmar;Yangon Region
Namibia;Erongo Region
Namibia;Hardap Region
Namibia;Karas Region
Namibia;Kavango East Region
Namibia;Khomas Region
Namibia;Kunene Region
Namibia;Ohangwena Region
Namibia;Omaheke Region
Namibia;Omusati Region
Namibia;Oshana Region
Namibia;Oshikoto Region
Namibia;Otjozondjupa Region
Namibia;Zambezi Region
Nauru;Aiwo District
Nauru;Anabar District
Nauru;Baiti District
Nauru;Ijuw District
Nauru;Meneng District
Nauru;Uaboe District
Nauru;Yaren District
Nepal;Central Region
Nepal;Eastern Development Region
Nepal;Far-Western Development Region
Nepal;Mid-Western Region
Nepal;Western Region
Netherlands;Drenthe
Netherlands;Flevoland
Netherlands;Friesland
Netherlands;Gelderland
Netherlands;Groningen
Netherlands;Limburg
Netherlands;North Brabant
NL;NB
Netherlands;North Holland
Netherlands;Overijssel
Netherlands;South Holland
Netherlands;Utrecht
Netherlands;Zeeland
New Zealand;Auckland Region
New Zealand;Bay of Plenty Region
New Zealand;Canterbury Region
New Zealand;Chatham Islands
New Zealand;Gisborne District
New Zealand;Hawke's Bay Region
New Zealand;Manawatu-Wanganui Region
New Zealand;Marlborough Region
New Zealand;Nelson Region
New Zealand;Northland Region
New Zealand;Otago Region
New Zealand;Southland Region
New Zealand;Taranaki Region
New Zealand;Tasman District
New Zealand;Waikato Region
New Zealand;Wellington Region
New Zealand;West Coast Region
Nicaragua;Boaco
Nicaragua;Carazo
Nicaragua;Chinandega
Nicaragua;Chontales
Nicaragua;Estelí
Nicaragua;Granada
Nicaragua;Jinotega
Nicaragua;León
Nicaragua;Madriz
Nicaragua;Managua
Nicaragua;Masaya
Nicaragua;Matagalpa
Nicaragua;North Caribbean Coast
"Nicaragua;""Nueva Segovia	"""
Nicaragua;Río San Juan
Nicaragua;Rivas
Nicaragua;South Caribbean Coast
Niger;Agadez Region
Niger;Diffa Region
Niger;Dosso Region
Niger;Maradi Region
Niger;Tahoua Region
Niger;Tillabéri Region
Niger;Zinder Region
Nigeria;Abia
Nigeria;Abuja Federal Capital Territory
Nigeria;Adamawa
Nigeria;Akwa Ibom
Nigeria;Anambra
Nigeria;Bauchi
Nigeria;Bayelsa
Nigeria;Benue
Nigeria;Borno
Nigeria;Cross River
Nigeria;Delta
Nigeria;Ebonyi
Nigeria;Edo
Nigeria;Ekiti
Nigeria;Enugu
Nigeria;Gombe
Nigeria;Imo
Nigeria;Jigawa
Nigeria;Kaduna
Nigeria;Kano
Nigeria;Katsina
Nigeria;Kebbi
Nigeria;Kogi
Nigeria;Kwara
Nigeria;Lagos
Nigeria;Nasarawa
Nigeria;Niger
Nigeria;Ogun
Nigeria;Ondo
Nigeria;Osun
Nigeria;Oyo
Nigeria;Plateau
Nigeria;Rivers
Nigeria;Sokoto
Nigeria;Taraba
Nigeria;Yobe
Nigeria;Zamfara
North Korea;Chagang Province
North Korea;Kangwon Province
North Korea;North Hamgyong Province
North Korea;North Hwanghae Province
North Korea;North Pyongan Province
North Korea;Pyongyang
North Korea;Rason
North Korea;Ryanggang Province
North Korea;South Hamgyong Province
North Korea;South Hwanghae Province
North Korea;South Pyongan Province
Norway;Akershus
Norway;Buskerud
Norway;Finnmark
Norway;Hedmark
Norway;Hordaland
Norway;Møre og Romsdal
Norway;Nordland
Norway;Oppland
Norway;Oslo
Norway;Østfold
Norway;Rogaland
Norway;Sogn og Fjordane
Norway;Telemark
Norway;Troms
Norway;Trøndelag
Norway;Vest-Agder
Norway;Vestfold
Oman;Ad Dakhiliyah Governorate
Oman;Ad Dhahirah Governorate
Oman;Al Batinah North Governorate
Oman;Al Batinah Region
Oman;Al Buraimi Governorate
Oman;Al Wusta Governorate
Oman;Ash Sharqiyah Region
Oman;Dhofar Governorate
Oman;Musandam Governorate
Oman;Muscat Governorate
Pakistan;Azad Kashmir
Pakistan;Balochistan
Pakistan;Federally Administered Tribal Areas
Pakistan;Gilgit-Baltistan
Pakistan;Islamabad Capital Territory
Pakistan;Khyber Pakhtunkhwa
Pakistan;Punjab
Pakistan;Sindh
Palau;Aimeliik
Palau;Airai
Palau;Angaur
Palau;Hatohobei
Palau;Kayangel
Palau;Koror
Palau;Melekeok
Palau;Ngaraard
Palau;Ngarchelong
Palau;Ngardmau
Palau;Ngchesar
Palau;Ngeremlengui
Palau;Ngiwal
Palau;Peleliu
Palau;Sonsorol
Panama;Bocas del Toro Province
Panama;Chiriquí Province
Panama;Coclé Province
Panama;Colón Province
Panama;Darién Province
Panama;Emberá-Wounaan Comarca
Panama;Guna Yala
Panama;Herrera Province
Panama;Los Santos Province
Panama;Ngöbe-Buglé Comarca
Panama;Panamá Oeste Province
Panama;Panamá Province
Panama;Veraguas Province
Papua new Guinea;Bougainville
Papua new Guinea;Central Province
Papua new Guinea;Chimbu Province
Papua new Guinea;East New Britain
Papua new Guinea;Eastern Highlands Province
Papua new Guinea;Enga Province
Papua new Guinea;Gulf
Papua new Guinea;Hela
Papua new Guinea;Jiwaka Province
Papua new Guinea;Madang Province
Papua new Guinea;Manus Province
Papua new Guinea;Milne Bay Province
Papua new Guinea;Morobe Province
Papua new Guinea;New Ireland Province
Papua new Guinea;Oro Province
Papua new Guinea;Port Moresby
Papua new Guinea;Sandaun Province
Papua new Guinea;Southern Highlands Province
Papua new Guinea;West New Britain Province
Papua new Guinea;Western Highlands Province
Papua new Guinea;Western Province
Paraguay;Alto Paraguay Department
Paraguay;Alto Paraná Department
Paraguay;Amambay Department
Paraguay;Boquerón Department
Paraguay;Caaguazú
Paraguay;Caazapá
Paraguay;Canindeyú
Paraguay;Central Department
Paraguay;Concepción Department
Paraguay;Cordillera Department
Paraguay;Guairá Department
Paraguay;Itapúa
Paraguay;Misiones Department
Paraguay;Ñeembucú Department
Paraguay;Paraguarí Department
Paraguay;Presidente Hayes Department
Paraguay;San Pedro Department
Peru;Amazonas
Peru;Áncash
Peru;Apurímac
Peru;Arequipa
Peru;Ayacucho
Peru;Cajamarca
Peru;Callao
Peru;Cusco
Peru;Huancavelica
Peru;Huanuco
Peru;Ica
Peru;Junín
Peru;La Libertad
Peru;Lambayeque
Peru;Lima
Peru;Loreto
Peru;Madre de Dios
Peru;Moquegua
Peru;Pasco
Peru;Piura
Peru;Puno
Peru;San Martín
Peru;Tacna
Peru;Tumbes
Peru;Ucayali
Philippines;Abra
Philippines;Agusan del Norte
Philippines;Agusan del Sur
Philippines;Albay
Philippines;Antique
PH;ANT
Philippines;Autonomous Region in Muslim Mindanao
Philippines;Bataan
Philippines;Batanes
Philippines;Benguet
Philippines;Bohol
Philippines;Bukidnon
Philippines;Bulacan
Philippines;Cagayan
Philippines;Cagayan Valley
PH;02
Philippines;Camarines Norte
Philippines;Caraga
PH;13
Philippines;Central Luzon
PH;03
Philippines;Cordillera Administrative Region
Philippines;Davao Occidental
Philippines;Davao Region
PH;11
Philippines;Eastern Visayas
Philippines;Ilocos Region
Philippines;Metro Manila
Philippines;Occidental Mindoro
PH;MDC
Philippines;Oriental Mindoro
Philippines;Soccsksargen
Philippines;Zamboanga Sibugay
Poland;Greater Poland Voivodeship
Poland;Kuyavian-Pomeranian Voivodeship
Poland;Lesser Poland Voivodeship
Poland;Lower Silesian Voivodeship
Poland;Lublin Voivodeship
Poland;Lubusz Voivodeship
Poland;Łódź Voivodeship
Poland;Masovian Voivodeship
Poland;Opole Voivodeship
Poland;Podkarpackie Voivodeship
Poland;Podlaskie Voivodeship
Poland;Pomeranian Voivodeship
Poland;Silesian Voivodeship
Poland;Świętokrzyskie Voivodeship
Poland;Warmian-Masurian Voivodeship
Poland;West Pomeranian Voivodeship
Portugal;Açores
Portugal;Aveiro
Portugal;Beja
Portugal;Braga
Portugal;Bragança
Portugal;Castelo Branco
Portugal;Coimbra
Portugal;Évora
Portugal;Faro
Portugal;Guarda
PT;09
Portugal;Leiria
Portugal;Lisbon
Portugal;Madeira
Portugal;Portalegre
Portugal;Porto
Portugal;Santarém
Portugal;Setúbal
Portugal;Viana do Castelo
Portugal;Vila Real
Portugal;Viseu
Qatar;Al Khor
Qatar;Al Rayyan Municipality
Qatar;Al Wakrah
Qatar;Al-Shahaniya
Qatar;Doha
Qatar;Madinat ash Shamal
Qatar;Umm Salal Municipality
Romania;Alba
Romania;Arad County
Romania;Arges
Romania;Bacău County
Romania;Bihor County
Romania;Bistrița-Năsăud County
Romania;Botoșani County
Romania;Braila
Romania;Brașov County
Romania;Bucharest
Romania;Buzău County
Romania;Călărași County
Romania;Caraș-Severin County
Romania;Cluj County
Romania;Constanța County
Romania;Covasna County
Romania;Dâmbovița County
Romania;Dolj County
Romania;Galați County
Romania;Giurgiu County
Romania;Gorj County
Romania;Harghita County
Romania;Hunedoara County
Romania;Ialomița County
Romania;Iași County
Romania;Ilfov County
Romania;Maramureș County
Romania;Mehedinți County
Romania;Mureș County
Romania;Neamț County
Romania;Olt County
Romania;Prahova County
Romania;Sălaj County
Romania;Satu Mare County
Romania;Sibiu County
Romania;Suceava County
Romania;Teleorman County
Romania;Timiș County
Romania;Tulcea County
Romania;Vâlcea County
Romania;Vaslui County
Romania;Vrancea County
Russia;Altai Krai
Russia;Altai Republic
Russia;Amur Oblast
Russia;Arkhangelsk
Russia;Astrakhan Oblast
Russia;Belgorod Oblast
Russia;Bryansk Oblast
Russia;Chechen Republic
Russia;Chelyabinsk Oblast
Russia;Chukotka Autonomous Okrug
Russia;Chuvash Republic
Russia;Ivanovo Oblast
Russia;Jewish Autonomous Oblast
Russia;Kabardino-Balkar Republic
Russia;Kaliningrad
Russia;Kaluga Oblast
Russia;Kamchatka Krai
Russia;Karachay-Cherkess Republic
Russia;Kemerovo Oblast
Russia;Khabarovsk Krai
Russia;Khanty-Mansi Autonomous Okrug
Russia;Kirov Oblast
Russia;Komi Republic
Russia;Kostroma Oblast
Russia;Krasnodar Krai
Russia;Krasnoyarsk Krai
Russia;Kurgan Oblast
Russia;Kursk Oblast
Russia;Leningrad Oblast
Russia;Lipetsk Oblast
Russia;Magadan Oblast
Russia;Mari El Republic
Russia;Moscow
Russia;Moscow Oblast
Russia;Murmansk Oblast
Russia;Nenets Autonomous Okrug
Russia;Nizhny Novgorod Oblast
Russia;Novgorod Oblast
Russia;Novosibirsk
Russia;Omsk Oblast
Russia;Orenburg Oblast
Russia;Oryol Oblast
Russia;Penza Oblast
Russia;Perm Krai
Russia;Primorsky Krai
Russia;Pskov Oblast
Russia;Republic of Adygea
Russia;Republic of Bashkortostan
Russia;Republic of Buryatia
Russia;Republic of Dagestan
Russia;Republic of Ingushetia
Russia;Republic of Kalmykia
Russia;Republic of Karelia
Russia;Republic of Khakassia
Russia;Republic of Mordovia
Russia;Republic of North Ossetia-Alania
Russia;Republic of Tatarstan
Russia;Rostov Oblast
Russia;Ryazan Oblast
Russia;Saint Petersburg
Russia;Sakha Republic
Russia;Sakhalin
Russia;Samara Oblast
Russia;Saratov Oblast
Russia;Sevastopol
Russia;Smolensk Oblast
Russia;Stavropol Krai
Russia;Sverdlovsk
Russia;Tambov Oblast
Russia;Tomsk Oblast
Russia;Tula Oblast
Russia;Tuva Republic
Russia;Tver Oblast
Russia;Tyumen Oblast
Russia;Udmurt Republic
Russia;Ulyanovsk Oblast
Russia;Vladimir Oblast
Russia;Volgograd Oblast
RU;VGG
Russia;Vologda Oblast
Russia;Voronezh Oblast
Russia;Yamalo-Nenets Autonomous Okrug
Russia;Yaroslavl Oblast
Russia;Zabaykalsky Krai
Rwanda;Eastern Province
Rwanda;Kigali district
Rwanda;Northern Province
Rwanda;Southern Province
RW;05
Rwanda;Western Province
Saint Kitts And Nevis;Christ Church Nichola Town Parish
Saint Kitts And Nevis;Saint Anne Sandy Point Parish
Saint Kitts And Nevis;Saint George Gingerland Parish
Saint Kitts And Nevis;Saint James Windward Parish
Saint Kitts And Nevis;Saint John Capisterre Parish
Saint Kitts And Nevis;Saint John Figtree Parish
Saint Kitts And Nevis;Saint Mary Cayon Parish
Saint Kitts And Nevis;Saint Paul Capisterre Parish
Saint Kitts And Nevis;Saint Paul Charlestown Parish
Saint Kitts And Nevis;Saint Peter Basseterre Parish
Saint Kitts And Nevis;Saint Thomas Lowland Parish
Saint Kitts And Nevis;Saint Thomas Middle Island Parish
Saint Kitts And Nevis;Trinity Palmetto Point Parish
Saint Lucia;Anse la Raye Quarter
Saint Lucia;Canaries
Saint Lucia;Castries Quarter
Saint Lucia;Choiseul Quarter
Saint Lucia;Dennery Quarter
Saint Lucia;Gros Islet Quarter
Saint Lucia;Laborie Quarter
Saint Lucia;Micoud Quarter
Saint Lucia;Soufrière Quarter
Saint Lucia;Vieux Fort Quarter
Saint Vincent And The Grenadines;Charlotte Parish
Saint Vincent And The Grenadines;Grenadines Parish
Saint Vincent And The Grenadines;Saint Andrew Parish
Saint Vincent And The Grenadines;Saint David Parish
Saint Vincent And The Grenadines;Saint George Parish
Saint Vincent And The Grenadines;Saint Patrick Parish
Samoa;A'ana
Samoa;Aiga-i-le-Tai
Samoa;Atua
Samoa;Gaga'ifomauga
Samoa;Palauli
Samoa;Tuamasaga
Samoa;Va'a-o-Fonoti
Samoa;Vaisigano
San Marino;Acquaviva
San Marino;Borgo Maggiore
San Marino;Chiesanuova
San Marino;Domagnano
San Marino;Faetano
San Marino;Fiorentino
San Marino;Montegiardino
San Marino;San Marino
San Marino;Serravalle
Sao Tome and Principe;Príncipe Province
Sao Tome and Principe;São Tomé Province
Saudi Arabia;'Asir
Saudi Arabia;Al Bahah
SA;11
Saudi Arabia;Al Jawf
Saudi Arabia;Al Madinah
SA;03
Saudi Arabia;Al-Qassim
Saudi Arabia;Eastern Province
Saudi Arabia;Ha'il
Saudi Arabia;Jizan
SA;09
Saudi Arabia;Makkah
SA;02
Saudi Arabia;Najran
Saudi Arabia;Northern Borders
Saudi Arabia;Riyadh
Saudi Arabia;Tabuk
Senegal;Dakar
Senegal;Diourbel Region
Senegal;Fatick
Senegal;Kaffrine
Senegal;Kaolack
Senegal;Kédougou
Senegal;Kolda
Senegal;Louga
Senegal;Matam
Senegal;Saint-Louis
Senegal;Sédhiou
Senegal;Tambacounda Region
Senegal;Thiès Region
Senegal;Ziguinchor
Serbia;Central Banat District
Serbia;Vojvodina
Seychelles;Anse Boileau
Seychelles;Anse Royale
Seychelles;Beau Vallon
Seychelles;Bel Ombre
Seychelles;Cascade
Seychelles;La Rivière Anglaise
Seychelles;Port Glaud
Seychelles;Takamaka
Sierra Leone;Eastern Province
Sierra Leone;Northern Province
Sierra Leone;Southern Province
Sierra Leone;Western Area
Singapore;Central Singapore Community Development Council
Singapore;North West Community Development Council
Slovakia;Banská Bystrica Region
SK;BC
Slovakia;Bratislava Region
Slovakia;Košice Region
Slovakia;Nitra Region
Slovakia;Prešov Region
Slovakia;Trenčín Region
Slovakia;Trnava Region
Slovakia;Žilina Region
Slovenia;Ajdovščina Municipality
Slovenia;Ankaran Municipality
Slovenia;Beltinci Municipality
Slovenia;Benedikt Municipality
Slovenia;Bistrica ob Sotli Municipality
Slovenia;Bled Municipality
Slovenia;Bloke Municipality
Slovenia;Bohinj Municipality
Slovenia;Borovnica Municipality
Slovenia;Bovec Municipality
Slovenia;Braslovče Municipality
Slovenia;Brda Municipality
Slovenia;Brežice Municipality
Slovenia;Brezovica Municipality
Slovenia;Cankova Municipality
Slovenia;Cerklje na Gorenjskem Municipality
Slovenia;Cerknica Municipality
Slovenia;Cerkno Municipality
Slovenia;Cerkvenjak Municipality
Slovenia;City Municipality of Celje
Slovenia;City Municipality of Novo Mesto
Slovenia;Črenšovci Municipality
Slovenia;Črna na Koroškem Municipality
Slovenia;Črnomelj Municipality
Slovenia;Destrnik Municipality
Slovenia;Divača Municipality
Slovenia;Dobje Municipality
Slovenia;Dobrepolje Municipality
Slovenia;Dobrna Municipality
Slovenia;Dobrova–Polhov Gradec Municipality
Slovenia;Dobrovnik Municipality
Slovenia;Dol pri Ljubljani Municipality
Slovenia;Dolenjske Toplice Municipality
Slovenia;Domžale Municipality
Slovenia;Dornava Municipality
Slovenia;Dravograd Municipality
Slovenia;Duplek Municipality
Slovenia;Gorenja Vas–Poljane Municipality
Slovenia;Gorišnica Municipality
Slovenia;Gornja Radgona Municipality
Slovenia;Gornji Grad Municipality
Slovenia;Gornji Petrovci Municipality
Slovenia;Grad Municipality
Slovenia;Grosuplje Municipality
Slovenia;Hajdina Municipality
Slovenia;Hoče–Slivnica Municipality
Slovenia;Hodoš Municipality
Slovenia;Horjul Municipality
Slovenia;Hrastnik Municipality
Slovenia;Hrpelje–Kozina Municipality
Slovenia;Idrija Municipality
Slovenia;Ig Municipality
Slovenia;Ivančna Gorica Municipality
Slovenia;Izola Municipality
Slovenia;Jesenice Municipality
Slovenia;Jezersko Municipality
Slovenia;Juršinci Municipality
Slovenia;Kamnik Municipality
Slovenia;Kanal ob Soči Municipality
Slovenia;Kidričevo Municipality
Slovenia;Kobarid Municipality
Slovenia;Kobilje Municipality
Slovenia;Kočevje Municipality
Slovenia;Komen Municipality
Slovenia;Komenda Municipality
Slovenia;Koper City Municipality
Slovenia;Kostel Municipality
Slovenia;Kozje Municipality
Slovenia;Kranj City Municipality
Slovenia;Kranjska Gora Municipality
Slovenia;Križevci Municipality
Slovenia;Kungota
Slovenia;Kuzma Municipality
Slovenia;Laško Municipality
Slovenia;Lenart Municipality
Slovenia;Lendava Municipality
Slovenia;Litija Municipality
Slovenia;Ljubljana City Municipality
Slovenia;Ljubno Municipality
Slovenia;Ljutomer Municipality
Slovenia;Logatec Municipality
Slovenia;Loška Dolina Municipality
Slovenia;Loški Potok Municipality
Slovenia;Lovrenc na Pohorju Municipality
Slovenia;Luče Municipality
Slovenia;Lukovica Municipality
Slovenia;Majšperk Municipality
Slovenia;Maribor City Municipality
Slovenia;Markovci Municipality
Slovenia;Medvode Municipality
Slovenia;Mengeš Municipality
Slovenia;Metlika Municipality
Slovenia;Mežica Municipality
Slovenia;Miklavž na Dravskem Polju Municipality
Slovenia;Miren–Kostanjevica Municipality
Slovenia;Mirna Peč Municipality
Slovenia;Mislinja Municipality
Slovenia;Moravče Municipality
Slovenia;Moravske Toplice Municipality
Slovenia;Mozirje Municipality
Slovenia;Municipality of Apače
Slovenia;Municipality of Ilirska Bistrica
Slovenia;Municipality of Krško
Slovenia;Municipality of Škofljica
Slovenia;Murska Sobota City Municipality
Slovenia;Muta Municipality
Slovenia;Naklo Municipality
Slovenia;Nazarje Municipality
Slovenia;Nova Gorica City Municipality
Slovenia;Odranci Municipality
Slovenia;Oplotnica
Slovenia;Ormož Municipality
Slovenia;Osilnica Municipality
Slovenia;Pesnica Municipality
Slovenia;Piran Municipality
Slovenia;Pivka Municipality
Slovenia;Podčetrtek Municipality
Slovenia;Podlehnik Municipality
Slovenia;Podvelka Municipality
Slovenia;Polzela Municipality
Slovenia;Postojna Municipality
Slovenia;Prebold Municipality
Slovenia;Preddvor Municipality
Slovenia;Prevalje Municipality
Slovenia;Ptuj City Municipality
Slovenia;Puconci Municipality
Slovenia;Rače–Fram Municipality
Slovenia;Radeče Municipality
Slovenia;Radenci Municipality
Slovenia;Radlje ob Dravi Municipality
Slovenia;Radovljica Municipality
Slovenia;Ravne na Koroškem Municipality
Slovenia;Razkrižje Municipality
Slovenia;Renče–Vogrsko Municipality
Slovenia;Ribnica Municipality
Slovenia;Ribnica na Pohorju Municipality
Slovenia;Rogaška Slatina Municipality
Slovenia;Rogašovci Municipality
Slovenia;Rogatec Municipality
Slovenia;Ruše Municipality
Slovenia;Šalovci Municipality
Slovenia;Selnica ob Dravi Municipality
Slovenia;Semič Municipality
Slovenia;Šempeter–Vrtojba Municipality
Slovenia;Šenčur Municipality
Slovenia;Šentilj Municipality
Slovenia;Šentjernej Municipality
Slovenia;Šentjur Municipality
Slovenia;Šentrupert Municipality
Slovenia;Sevnica Municipality
Slovenia;Sežana Municipality
Slovenia;Škocjan Municipality
Slovenia;Škofja Loka Municipality
Slovenia;Slovenj Gradec City Municipality
Slovenia;Slovenska Bistrica Municipality
Slovenia;Slovenske Konjice Municipality
Slovenia;Šmarje pri Jelšah Municipality
Slovenia;Šmarješke Toplice Municipality
Slovenia;Šmartno ob Paki Municipality
Slovenia;Šmartno pri Litiji Municipality
Slovenia;Sodražica Municipality
Slovenia;Solčava Municipality
Slovenia;Šoštanj Municipality
Slovenia;Središče ob Dravi
Slovenia;Starše Municipality
Slovenia;Štore Municipality
Slovenia;Straža Municipality
Slovenia;Sveta Ana Municipality
Slovenia;Sveta Trojica v Slovenskih Goricah Municipality
Slovenia;Sveti Andraž v Slovenskih Goricah Municipality
Slovenia;Sveti Jurij v Slovenskih Goricah Municipality
Slovenia;Sveti Tomaž Municipality
Slovenia;Tabor Municipality
Slovenia;Tišina Municipality
Slovenia;Tolmin Municipality
Slovenia;Trbovlje Municipality
Slovenia;Trebnje Municipality
Slovenia;Trnovska Vas Municipality
Slovenia;Tržič Municipality
Slovenia;Trzin Municipality
Slovenia;Turnišče Municipality
Slovenia;Velika Polana Municipality
Slovenia;Velike Lašče Municipality
Slovenia;Veržej Municipality
Slovenia;Videm Municipality
Slovenia;Vipava Municipality
Slovenia;Vitanje Municipality
Slovenia;Vodice Municipality
Slovenia;Vojnik Municipality
Slovenia;Vransko Municipality
Slovenia;Vrhnika Municipality
Slovenia;Vuzenica Municipality
Slovenia;Zagorje ob Savi Municipality
Slovenia;Žalec Municipality
Slovenia;Zavrč Municipality
Slovenia;Železniki Municipality
Slovenia;Žetale Municipality
Slovenia;Žiri Municipality
Slovenia;Žirovnica Municipality
Slovenia;Zreče Municipality
Slovenia;Žužemberk Municipality
Solomon Islands;Central Province
Solomon Islands;Guadalcanal Province
Solomon Islands;Isabel Province
Solomon Islands;Makira-Ulawa Province
Solomon Islands;Malaita Province
Solomon Islands;Temotu Province
Solomon Islands;Western Province
Somalia;Bakool
Somalia;Banaadir
Somalia;Bari
Somalia;Bay
Somalia;Galguduud
Somalia;Gedo
Somalia;Hiran
Somalia;Lower Juba
Somalia;Lower Shebelle
Somalia;Middle Juba
Somalia;Middle Shebelle
Somalia;Mudug
Somalia;Nugal
Somalia;Sanaag Region
Somalia;Togdheer Region
South Africa;Eastern Cape
South Africa;Free State
South Africa;Gauteng
South Africa;KwaZulu-Natal
South Africa;Limpopo
South Africa;Mpumalanga
South Africa;North West
South Africa;Northern Cape
South Africa;Western Cape
South Korea;Busan
South Korea;Daegu
South Korea;Daejeon
South Korea;Gangwon Province
South Korea;Gwangju
South Korea;Gyeonggi Province
South Korea;Incheon
South Korea;Jeju
South Korea;North Chungcheong Province
South Korea;North Gyeongsang Province
South Korea;North Jeolla Province
South Korea;Sejong City
South Korea;Seoul
South Korea;South Chungcheong Province
South Korea;South Gyeongsang Province
South Korea;South Jeolla Province
South Korea;Ulsan
South Sudan;Lakes
Spain;Andalusia
Spain;Aragon
Spain;Balearic Islands
Spain;Basque Country
Spain;Canary Islands
Spain;Cantabria
Spain;Castilla La Mancha
Spain;Catalonia
ES;CT
Spain;Ceuta
Spain;Extremadura
Spain;Galicia
Spain;La Rioja
Spain;Léon
Spain;Madrid
Spain;Melilla
Spain;Murcia
Spain;Navarra
Spain;Valencia
ES;VC
Sri Lanka;Central Province
Sri Lanka;Colombo District
Sri Lanka;Eastern Province
Sri Lanka;Kandy District
Sri Lanka;North Central Province
Sri Lanka;North Western Province
Sri Lanka;Northern Province
Sri Lanka;Sabaragamuwa Province
Sri Lanka;Southern Province
Sri Lanka;Uva Province
Sri Lanka;Western Province
Sudan;Al Jazirah
Sudan;Al Qadarif
Sudan;Blue Nile
Sudan;Central Darfur
Sudan;East Darfur
Sudan;Kassala
Sudan;Khartoum
Sudan;North Darfur
Sudan;North Kordofan
Sudan;Northern
Sudan;Red Sea
Sudan;River Nile
Sudan;Sennar
Sudan;South Darfur
Sudan;South Kordofan
Sudan;West Darfur
Sudan;West Kordofan
Sudan;White Nile
Suriname;Brokopondo District
Suriname;Commewijne District
Suriname;Coronie District
Suriname;Marowijne District
Suriname;Nickerie District
Suriname;Para District
Suriname;Paramaribo District
Suriname;Saramacca District
Suriname;Wanica District
Swaziland;Hhohho District
Swaziland;Lubombo District
Swaziland;Manzini District
Swaziland;Shiselweni District
Sweden;Blekinge
Sweden;Dalarna County
Sweden;Gävleborg County
Sweden;Gotland County
Sweden;Halland County
Sweden;Jönköping County
Sweden;Kalmar County
Sweden;Kronoberg County
Sweden;Norrbotten County
Sweden;Örebro County
Sweden;Östergötland County
Sweden;Skåne County
Sweden;Södermanland County
Sweden;Stockholm County
Sweden;Uppsala County
Sweden;Värmland County
Sweden;Västerbotten County
Sweden;Västernorrland County
Sweden;Västmanland County
Sweden;Västra Götaland County
Switzerland;Aargau
Switzerland;Appenzell Ausserrhoden
Switzerland;Appenzell Innerrhoden
Switzerland;Basel-Land
Switzerland;Basel-Stadt
Switzerland;Bern
Switzerland;Fribourg
Switzerland;Geneva
Switzerland;Glarus
Switzerland;Graubünden
Switzerland;Jura
Switzerland;Lucerne
Switzerland;Neuchâtel
Switzerland;Nidwalden
Switzerland;Obwalden
Switzerland;Schaffhausen
Switzerland;Schwyz
Switzerland;Solothurn
Switzerland;St. Gallen
Switzerland;Thurgau
Switzerland;Ticino
Switzerland;Uri
Switzerland;Valais
Switzerland;Vaud
Switzerland;Zug
Switzerland;Zürich
CH;ZH
Syria;Al-Hasakah Governorate
Syria;Al-Raqqah Governorate
Syria;Aleppo Governorate
Syria;As-Suwayda Governorate
Syria;Damascus Governorate
Syria;Daraa Governorate
Syria;Deir ez-Zor Governorate
Syria;Hama Governorate
Syria;Homs Governorate
Syria;Idlib Governorate
Syria;Latakia Governorate
Syria;Quneitra Governorate
Syria;Rif Dimashq Governorate
Syria;Tartus Governorate
Taiwan;Changhua
Taiwan;Chiayi
Taiwan;Hsinchu
Taiwan;Hualien
Taiwan;Kaohsiung
Taiwan;Kinmen
Taiwan;Lienchiang
Taiwan;Miaoli
Taiwan;Nantou
Taiwan;Penghu
Taiwan;Pingtung
Taiwan;Taichung
Taiwan;Tainan
Taiwan;Taipei
Taiwan;Taitung
Taiwan;Taoyuan
Taiwan;Yilan
Taiwan;Yunlin
Tajikistan;districts of Republican Subordination
Tajikistan;Gorno-Badakhshan Autonomous Province
Tajikistan;Khatlon Province
Tajikistan;Sughd Province
Tanzania;Arusha
Tanzania;Dar es Salaam
Tanzania;Dodoma
Tanzania;Geita
Tanzania;Iringa
Tanzania;Kagera
Tanzania;Katavi
Tanzania;Kigoma
Tanzania;Kilimanjaro
Tanzania;Lindi
Tanzania;Manyara
Tanzania;Mara
Tanzania;Mbeya
TZ;14
Tanzania;Morogoro
Tanzania;Mtwara
Tanzania;Mwanza
Tanzania;Njombe
Tanzania;Pemba North
Tanzania;Pemba South
Tanzania;Pwani
Tanzania;Rukwa
Tanzania;Ruvuma
Tanzania;Shinyanga
Tanzania;Simiyu
Tanzania;Singida
Tanzania;Tabora
Tanzania;Tanga
Tanzania;Zanzibar North
Tanzania;Zanzibar South
Tanzania;Zanzibar West
Thailand;Amnat Charoen
Thailand;Ang Thong
Thailand;Bangkok
Thailand;Bueng Kan
Thailand;Buri Ram
Thailand;Chachoengsao
Thailand;Chai Nat
Thailand;Chaiyaphum
Thailand;Chanthaburi
Thailand;Chiang Mai
Thailand;Chiang Rai
Thailand;Chon Buri
Thailand;Chumphon
Thailand;Kalasin
Thailand;Kamphaeng Phet
Thailand;Kanchanaburi
Thailand;Khon Kaen
Thailand;Krabi
Thailand;Lampang
Thailand;Lamphun
Thailand;Loei
Thailand;Lop Buri
Thailand;Mae Hong Son
Thailand;Maha Sarakham
Thailand;Mukdahan
Thailand;Nakhon Nayok
Thailand;Nakhon Pathom
Thailand;Nakhon Phanom
Thailand;Nakhon Ratchasima
Thailand;Nakhon Sawan
Thailand;Nakhon Si Thammarat
Thailand;Nan
Thailand;Narathiwat
Thailand;Nong Bua Lam Phu
Thailand;Nong Khai
Thailand;Nonthaburi
Thailand;Pathum Thani
Thailand;Pattani
Thailand;Phangnga
Thailand;Phatthalung
Thailand;Phayao
Thailand;Phetchabun
Thailand;Phetchaburi
Thailand;Phichit
Thailand;Phitsanulok
Thailand;Phra Nakhon Si Ayutthaya
Thailand;Phrae
Thailand;Phuket
Thailand;Prachin Buri
Thailand;Prachuap Khiri Khan
Thailand;Ranong
Thailand;Ratchaburi
Thailand;Rayong
Thailand;Roi Et
Thailand;Sa Kaeo
Thailand;Sakon Nakhon
Thailand;Samut Prakan
Thailand;Samut Sakhon
Thailand;Samut Songkhram
Thailand;Saraburi
Thailand;Satun
Thailand;Si Sa Ket
Thailand;Sing Buri
Thailand;Songkhla
Thailand;Sukhothai
Thailand;Suphan Buri
Thailand;Surat Thani
Thailand;Surin
Thailand;Tak
Thailand;Trang
Thailand;Trat
Thailand;Ubon Ratchathani
Thailand;Udon Thani
Thailand;Uthai Thani
Thailand;Uttaradit
Thailand;Yala
Thailand;Yasothon
Togo;Centrale Region
Togo;Kara Region
Togo;Maritime
Togo;Plateaux Region
Togo;Savanes Region
Tonga;Haʻapai
Tonga;ʻEua
Tonga;Niuas
Tonga;Tongatapu
Tonga;Vavaʻu
Trinidad And Tobago;Arima
Trinidad And Tobago;Chaguanas
Trinidad And Tobago;Couva-Tabaquite-Talparo Regional Corporation
Trinidad And Tobago;Diego Martin Regional Corporation
Trinidad And Tobago;Eastern Tobago
Trinidad And Tobago;Penal-Debe Regional Corporation
Trinidad And Tobago;Point Fortin
Trinidad And Tobago;Port of Spain
Trinidad And Tobago;Princes Town Regional Corporation
Trinidad And Tobago;San Fernando
Trinidad And Tobago;San Juan-Laventille Regional Corporation
Trinidad And Tobago;Sangre Grande Regional Corporation
Trinidad And Tobago;Siparia Regional Corporation
Trinidad And Tobago;Tunapuna-Piarco Regional Corporation
Trinidad And Tobago;Western Tobago
Tunisia;Ariana Governorate
Tunisia;Ben Arous Governorate
Tunisia;Bizerte Governorate
Tunisia;Gabès Governorate
Tunisia;Gafsa Governorate
Tunisia;Jendouba Governorate
Tunisia;Kairouan Governorate
Tunisia;Kasserine Governorate
Tunisia;Kassrine
Tunisia;Kebili Governorate
Tunisia;Kef Governorate
Tunisia;Mahdia Governorate
Tunisia;Manouba Governorate
Tunisia;Medenine Governorate
Tunisia;Monastir Governorate
Tunisia;Sfax Governorate
Tunisia;Sidi Bouzid Governorate
Tunisia;Siliana Governorate
Tunisia;Sousse Governorate
Tunisia;Tataouine Governorate
Tunisia;Tozeur Governorate
Tunisia;Tunis Governorate
Tunisia;Zaghouan Governorate
Turkey;Adana
Turkey;Adıyaman
Turkey;Afyonkarahisar
Turkey;Ağrı
Turkey;Aksaray
Turkey;Amasya
Turkey;Ankara
Turkey;Antalya
Turkey;Ardahan
Turkey;Artvin
Turkey;Aydın
Turkey;Balıkesir
Turkey;Bartın
Turkey;Batman
Turkey;Bayburt
Turkey;Bilecik
Turkey;Bingöl
Turkey;Bitlis
Turkey;Bolu
Turkey;Burdur
Turkey;Bursa
Turkey;Çanakkale
Turkey;Çankırı
Turkey;Çorum
Turkey;Denizli
Turkey;Diyarbakır
Turkey;Düzce
Turkey;Edirne
Turkey;Elazığ
Turkey;Erzincan
Turkey;Erzurum
Turkey;Eskişehir
Turkey;Gaziantep
Turkey;Giresun
Turkey;Gümüşhane
Turkey;Hakkâri
Turkey;Hatay
Turkey;Iğdır
Turkey;Isparta
Turkey;Istanbul
Turkey;İzmir
Turkey;Kahramanmaraş
Turkey;Karabük
Turkey;Karaman
Turkey;Kars
Turkey;Kastamonu
Turkey;Kayseri
Turkey;Kilis
Turkey;Kırıkkale
Turkey;Kırklareli
Turkey;Kırşehir
Turkey;Kocaeli
Turkey;Konya
Turkey;Kütahya
Turkey;Malatya
Turkey;Manisa
Turkey;Mardin
Turkey;Mersin
Turkey;Muğla
Turkey;Muş
Turkey;Nevşehir
Turkey;Niğde
Turkey;Ordu
Turkey;Osmaniye
Turkey;Rize
Turkey;Sakarya
Turkey;Samsun
Turkey;Şanlıurfa
Turkey;Siirt
Turkey;Sinop
Turkey;Sivas
Turkey;Şırnak
Turkey;Tekirdağ
Turkey;Tokat
Turkey;Trabzon
Turkey;Tunceli
Turkey;Uşak
Turkey;Van
Turkey;Yalova
Turkey;Yozgat
Turkey;Zonguldak
Turkmenistan;Ahal Region
Turkmenistan;Ashgabat
Turkmenistan;Balkan Region
Turkmenistan;Daşoguz Region
Turkmenistan;Lebap Region
Turkmenistan;Mary Region
Tuvalu;Funafuti
Tuvalu;Nanumanga
Tuvalu;Niutao Island Council
Tuvalu;Nui
Tuvalu;Nukufetau
Tuvalu;Vaitupu
Uganda;Central Region
Uganda;Eastern Region
Uganda;Northern Region
Uganda;Western Region
Ukraine;Autonomous Republic of Crimea
Ukraine;Cherkasy Oblast
Ukraine;Chernihiv Oblast
Ukraine;Chernivtsi Oblast
Ukraine;Dnipropetrovsk Oblast
Ukraine;Donetsk Oblast
Ukraine;Ivano-Frankivsk Oblast
Ukraine;Kharkiv Oblast
Ukraine;Kherson Oblast
Ukraine;Khmelnytsky Oblast
Ukraine;Kiev
Ukraine;Kirovohrad Oblast
Ukraine;Kyiv Oblast
Ukraine;Luhansk Oblast
Ukraine;Lviv Oblast
Ukraine;Mykolaiv Oblast
Ukraine;Odessa Oblast
Ukraine;Rivne Oblast
Ukraine;Sumy Oblast
Ukraine;Ternopil Oblast
Ukraine;Vinnytsia Oblast
Ukraine;Volyn Oblast
Ukraine;Zakarpattia Oblast
Ukraine;Zaporizhzhya Oblast
Ukraine;Zhytomyr Oblast
United Arab Emirates;Abu Dhabi Emirate
United Arab Emirates;Ajman Emirate
United Arab Emirates;Dubai
United Arab Emirates;Fujairah
United Arab Emirates;Ras al-Khaimah
United Arab Emirates;Sharjah Emirate
United Arab Emirates;Umm al-Quwain
United Kingdom;England
United Kingdom;Northern Ireland
United Kingdom;Scotland
United Kingdom;Wales
United States;Alabama
United States;Alaska
United States;Arizona
United States;Arkansas
United States;California
United States;Colorado
United States;Connecticut
United States;Delaware
United States;District of Columbia
US;DC
United States;Florida
United States;Georgia
United States;Hawaii
United States;Idaho
United States;Illinois
United States;Indiana
United States;Iowa
United States;Kansas
US;KS
United States;Kentucky
United States;Louisiana
United States;Maine
United States;Maryland
United States;Massachusetts
United States;Michigan
US;MI
United States;Minnesota
United States;Mississippi
United States;Missouri
United States;Montana
United States;Nebraska
United States;Nevada
United States;New Hampshire
United States;New Jersey
United States;New Mexico
United States;New York
United States;North Carolina
United States;North Dakota
United States;Ohio
United States;Oklahoma
United States;Oregon
United States;Pennsylvania
United States;Puerto Rico
US;PR
United States;Rhode Island
United States;South Carolina
United States;South Dakota
United States;Tennessee
United States;Texas
United States;Utah
United States;Vermont
United States;Virginia
United States;Washington
United States;West Virginia
United States;Wisconsin
United States;Wyoming
Uruguay;Artigas Department
Uruguay;Canelones Department
Uruguay;Cerro Largo Department
Uruguay;Colonia Department
Uruguay;Durazno Department
Uruguay;Flores Department
Uruguay;Florida Department
Uruguay;Lavalleja Department
Uruguay;Maldonado Department
Uruguay;Montevideo Department
Uruguay;Paysandú Department
Uruguay;Río Negro Department
Uruguay;Rivera Department
Uruguay;Rocha Department
Uruguay;Salto Department
Uruguay;San José Department
Uruguay;Soriano Department
Uruguay;Tacuarembó Department
Uruguay;Treinta y Tres Department
Uzbekistan;Andijan Region
Uzbekistan;Bukhara Region
Uzbekistan;Fergana Region
Uzbekistan;Jizzakh Region
Uzbekistan;Karakalpakstan
Uzbekistan;Namangan Region
Uzbekistan;Navoiy Region
Uzbekistan;Qashqadaryo Region
Uzbekistan;Samarqand Region
Uzbekistan;Sirdaryo Region
Uzbekistan;Surxondaryo Region
Uzbekistan;Tashkent
Uzbekistan;Tashkent Region
Uzbekistan;Xorazm Region
Vanuatu;Malampa
Vanuatu;Sanma
Vanuatu;Shefa
Vanuatu;Tafea
Vanuatu;Torba
Venezuela;Amazonas
Venezuela;Anzoátegui
Venezuela;Aragua
Venezuela;Barinas
Venezuela;Bolívar
Venezuela;Carabobo
Venezuela;Cojedes
Venezuela;Delta Amacuro
Venezuela;Distrito Capital
Venezuela;Falcón
Venezuela;Guárico
Venezuela;La Guaira
Venezuela;Lara
Venezuela;Mérida
Venezuela;Miranda
Venezuela;Monagas
Venezuela;Nueva Esparta
Venezuela;Portuguesa
Venezuela;Sucre
Venezuela;Táchira
Venezuela;Trujillo
Venezuela;Yaracuy
Venezuela;Zulia
Vietnam;An Giang
Vietnam;Bà Rịa-Vũng Tàu
Vietnam;Bắc Giang
Vietnam;Bắc Kạn
Vietnam;Bạc Liêu
Vietnam;Bắc Ninh
Vietnam;Bến Tre
Vietnam;Bình Dương
Vietnam;Bình Định
Vietnam;Bình Phước
Vietnam;Bình Thuận
Vietnam;Cà Mau
Vietnam;Cần Thơ
Vietnam;Cao Bằng
Vietnam;Đà Nẵng
Vietnam;Đắk Lắk
Vietnam;Đắk Nông
Vietnam;Điện Biên
Vietnam;Đồng Nai
Vietnam;Đồng Tháp
Vietnam;Gia Lai
Vietnam;Hà Giang
Vietnam;Hà Nam
Vietnam;Hà Nội
Vietnam;Hà Tĩnh
Vietnam;Hải Dương
Vietnam;Hải Phòng
Vietnam;Hậu Giang
Vietnam;Hồ Chí Minh
Vietnam;Hòa Bình
Vietnam;Hưng Yên
Vietnam;Khánh Hòa
Vietnam;Kiên Giang
Vietnam;Kon Tum
Vietnam;Lai Châu
Vietnam;Lâm Đồng
Vietnam;Lạng Sơn
Vietnam;Lào Cai
Vietnam;Long An
Vietnam;Nam Định
Vietnam;Nghệ An
Vietnam;Ninh Bình
Vietnam;Ninh Thuận
Vietnam;Phú Thọ
Vietnam;Phú Yên
Vietnam;Quảng Bình
Vietnam;Quảng Nam
Vietnam;Quảng Ngãi
Vietnam;Quảng Ninh
Vietnam;Quảng Trị
Vietnam;Sóc Trăng
Vietnam;Sơn La
Vietnam;Tây Ninh
Vietnam;Thái Bình
Vietnam;Thái Nguyên
Vietnam;Thanh Hóa
Vietnam;Thừa Thiên-Huế
Vietnam;Tiền Giang
Vietnam;Trà Vinh
Vietnam;Tuyên Quang
Vietnam;Vĩnh Long
Vietnam;Vĩnh Phúc
Vietnam;Yên Bái
Yemen;'Adan Governorate
Yemen;'Amran Governorate
Yemen;Abyan Governorate
Yemen;Al Bayda' Governorate
Yemen;Al Hudaydah Governorate
Yemen;Al Jawf Governorate
Yemen;Al Mahrah Governorate
Yemen;Al Mahwit Governorate
Yemen;Dhamar Governorate
YE;DH
Yemen;Hadhramaut Governorate
Yemen;Hajjah Governorate
Yemen;Ibb Governorate
Yemen;Lahij Governorate
Yemen;Ma'rib Governorate
Yemen;Raymah Governorate
Yemen;Saada Governorate
Yemen;Sana'a Governorate
Yemen;Shabwah Governorate
Yemen;Socotra Governorate
Yemen;Ta'izz Governorate
Zambia;Central Province
Zambia;Copperbelt Province
Zambia;Eastern Province
Zambia;Luapula Province
Zambia;Lusaka Province
Zambia;Muchinga Province
Zambia;Northern Province
Zambia;Northwestern Province
Zambia;Southern Province
Zambia;Western Province
Zimbabwe;Bulawayo Province
Zimbabwe;Harare Province
Zimbabwe;Manicaland
Zimbabwe;Mashonaland Central Province
Zimbabwe;Mashonaland East Province
Zimbabwe;Mashonaland West Province
Zimbabwe;Masvingo Province
Zimbabwe;Matabeleland North Province
Zimbabwe;Matabeleland South Province
Zimbabwe;Midlands Province
